partition,seed,index,episode,start,position_cm,rotation_deg,gripper_accuracy
train,1101,7,bridge_data_v2-train.tfrecord-00001-of-01024::29,0,0.2258274952695054,1.125632949350872,1.0
train,1101,8,bridge_data_v2-train.tfrecord-00001-of-01024::29,4,0.1563201773358466,0.943090370927274,1.0
train,1101,9,bridge_data_v2-train.tfrecord-00001-of-01024::29,8,0.21989070087189475,0.48101891024634785,1.0
train,1101,10,bridge_data_v2-train.tfrecord-00001-of-01024::29,12,0.15995845697153602,0.689097271209236,1.0
train,1101,11,bridge_data_v2-train.tfrecord-00001-of-01024::29,16,0.19733202168451064,0.8579962212166605,1.0
train,1101,12,bridge_data_v2-train.tfrecord-00001-of-01024::29,20,0.18032452290409157,1.124795914743014,1.0
train,1101,13,bridge_data_v2-train.tfrecord-00001-of-01024::29,24,0.22609221008327257,1.2711217983451704,1.0
train,1101,14,bridge_data_v2-train.tfrecord-00001-of-01024::29,28,0.1716678523968258,0.993410921963187,1.0
train,1101,15,bridge_data_v2-train.tfrecord-00001-of-01024::29,32,0.15971450117196775,1.0821515864675053,1.0
train,1101,16,bridge_data_v2-train.tfrecord-00001-of-01024::29,36,0.3800825155516207,0.8677208568568215,1.0
train,1101,17,bridge_data_v2-train.tfrecord-00001-of-01024::29,40,0.29488645410917347,0.7849710188377699,1.0
train,1101,18,bridge_data_v2-train.tfrecord-00001-of-01024::29,44,0.21364528443300534,0.7174413594557633,1.0
train,1101,19,bridge_data_v2-train.tfrecord-00001-of-01024::29,48,0.16797586498120087,0.6429301403289205,1.0
train,1101,20,bridge_data_v2-train.tfrecord-00001-of-01024::29,52,0.18501114179699898,0.6172912771588841,1.0
train,1101,21,bridge_data_v2-train.tfrecord-00001-of-01024::29,56,0.20471491924863733,0.9688593163698201,1.0
train,1101,22,bridge_data_v2-train.tfrecord-00001-of-01024::29,60,0.1476708910317353,0.8369061750360307,1.0
train,1101,23,bridge_data_v2-train.tfrecord-00001-of-01024::29,64,0.17764365873388185,1.0064546864777935,1.0
train,1101,24,bridge_data_v2-train.tfrecord-00001-of-01024::29,68,0.23204717093720428,0.8799576585976452,1.0
train,1101,25,bridge_data_v2-train.tfrecord-00002-of-01024::22,0,0.17162869763887217,0.8823876724012141,1.0
train,1101,26,bridge_data_v2-train.tfrecord-00002-of-01024::22,4,0.1563285464119779,0.8842173449277659,1.0
train,1101,27,bridge_data_v2-train.tfrecord-00002-of-01024::22,8,0.17296291559753227,0.8347570475396762,1.0
train,1101,28,bridge_data_v2-train.tfrecord-00002-of-01024::22,12,0.18784596280594024,0.6841975133519974,1.0
train,1101,29,bridge_data_v2-train.tfrecord-00002-of-01024::22,16,0.25288447526599905,0.5496231286984328,1.0
train,1101,30,bridge_data_v2-train.tfrecord-00002-of-01024::22,20,0.17595865359756896,0.7556796169069429,1.0
train,1101,31,bridge_data_v2-train.tfrecord-00002-of-01024::22,24,0.14007814892845463,0.7860962078819383,1.0
train,1101,32,bridge_data_v2-train.tfrecord-00002-of-01024::22,28,0.2568919635335198,1.0631047535230438,1.0
train,1101,33,bridge_data_v2-train.tfrecord-00002-of-01024::22,32,0.26813497711766077,1.354739870964719,1.0
train,1101,34,bridge_data_v2-train.tfrecord-00002-of-01024::22,36,0.24962899269244607,1.7235455072116146,1.0
train,1101,35,bridge_data_v2-train.tfrecord-00002-of-01024::22,40,0.15220098402713708,0.9189936920170134,1.0
train,1101,36,bridge_data_v2-train.tfrecord-00002-of-01024::22,44,0.18884566427505134,0.8301204695091164,1.0
train,1101,37,bridge_data_v2-train.tfrecord-00002-of-01024::22,48,0.13600244042293713,0.7991305125942189,1.0
train,1101,38,bridge_data_v2-train.tfrecord-00002-of-01024::22,52,0.13096567741240056,0.7167458298099099,1.0
train,1101,39,bridge_data_v2-train.tfrecord-00002-of-01024::22,56,0.16942551838998715,0.9507367133816275,1.0
train,1101,40,bridge_data_v2-train.tfrecord-00002-of-01024::22,60,0.1862760644404644,1.03269140916442,1.0
train,1101,41,bridge_data_v2-train.tfrecord-00002-of-01024::22,64,0.29089059919249965,1.2836180922468736,1.0
train,1101,42,bridge_data_v2-train.tfrecord-00002-of-01024::22,68,0.15422054706347826,0.9412890714097295,1.0
train,1101,43,bridge_data_v2-train.tfrecord-00002-of-01024::22,72,0.1580658275488382,0.8615900295883823,1.0
train,1101,44,bridge_data_v2-train.tfrecord-00002-of-01024::22,76,0.15871197013403363,1.2697689842277469,1.0
train,1101,45,bridge_data_v2-train.tfrecord-00002-of-01024::22,80,0.19390960763321474,1.2182892234390343,1.0
train,1101,84,bridge_data_v2-train.tfrecord-00003-of-01024::38,0,0.18145277288151496,0.9964695868737583,1.0
train,1101,85,bridge_data_v2-train.tfrecord-00003-of-01024::38,4,0.15041247753451917,0.9926523553191233,1.0
train,1101,86,bridge_data_v2-train.tfrecord-00003-of-01024::38,8,0.18059987110768538,1.0471995776266314,1.0
train,1101,87,bridge_data_v2-train.tfrecord-00003-of-01024::38,12,0.25083725781986677,0.8482664376276081,1.0
train,1101,88,bridge_data_v2-train.tfrecord-00003-of-01024::38,16,0.21032468276441724,0.7538795808647321,1.0
train,1101,89,bridge_data_v2-train.tfrecord-00003-of-01024::38,20,0.2335075782587877,0.8945773094409217,1.0
train,1101,90,bridge_data_v2-train.tfrecord-00003-of-01024::38,24,0.5005982784407315,0.9073069949797385,1.0
train,1101,91,bridge_data_v2-train.tfrecord-00003-of-01024::38,28,0.2288555146646556,0.9560429988493097,1.0
train,1101,92,bridge_data_v2-train.tfrecord-00003-of-01024::38,32,0.1444757374648417,1.0113907798331647,1.0
train,1101,93,bridge_data_v2-train.tfrecord-00003-of-01024::38,36,0.2650774481510179,0.8639235640259617,1.0
train,1101,94,bridge_data_v2-train.tfrecord-00003-of-01024::38,40,0.30207751546520056,1.0016603892939369,1.0
train,1101,95,bridge_data_v2-train.tfrecord-00003-of-01024::38,44,0.3214229766963034,0.9211977984005809,1.0
train,1101,96,bridge_data_v2-train.tfrecord-00003-of-01024::38,48,0.24544287180349475,0.7515096463521627,1.0
train,1101,97,bridge_data_v2-train.tfrecord-00003-of-01024::38,52,0.2762874318300546,1.1613100201464994,1.0
train,1101,98,bridge_data_v2-train.tfrecord-00003-of-01024::38,56,0.19757176774223,1.0253214468141534,1.0
train,1101,99,bridge_data_v2-train.tfrecord-00003-of-01024::38,60,0.18505302410159685,0.8831715523824388,1.0
train,1101,100,bridge_data_v2-train.tfrecord-00003-of-01024::38,64,0.22114286831560753,1.014195374133425,1.0
train,1101,101,bridge_data_v2-train.tfrecord-00003-of-01024::38,68,0.2778315413825281,1.0770531148565434,1.0
train,1101,102,bridge_data_v2-train.tfrecord-00003-of-01024::38,72,0.3239595658163466,1.0479889031046516,1.0
train,1101,103,bridge_data_v2-train.tfrecord-00003-of-01024::38,76,0.2435065308421555,0.6049850538883704,1.0
train,1101,104,bridge_data_v2-train.tfrecord-00003-of-01024::38,80,0.27842946606760455,1.566268082512352,1.0
train,1101,105,bridge_data_v2-train.tfrecord-00004-of-01024::57,0,0.17947720329327288,0.7221948527413944,1.0
train,1101,106,bridge_data_v2-train.tfrecord-00004-of-01024::57,4,0.22230028763682802,0.5750620289031465,1.0
train,1101,107,bridge_data_v2-train.tfrecord-00004-of-01024::57,8,0.17506997803361724,0.85284672004034,1.0
train,1101,108,bridge_data_v2-train.tfrecord-00004-of-01024::57,12,0.19921977206133484,0.9295749945454174,1.0
train,1101,109,bridge_data_v2-train.tfrecord-00004-of-01024::57,16,0.19488248872379815,1.3423106916808485,1.0
train,1101,110,bridge_data_v2-train.tfrecord-00004-of-01024::57,20,0.20020495229327745,1.3865843441791044,1.0
train,1101,111,bridge_data_v2-train.tfrecord-00004-of-01024::57,24,0.14644992059005182,1.5955746701528553,1.0
train,1101,112,bridge_data_v2-train.tfrecord-00004-of-01024::57,28,0.20050472385093154,0.6666108716491814,1.0
train,1101,113,bridge_data_v2-train.tfrecord-00004-of-01024::57,32,0.13765115472162376,1.1347582218228096,1.0
train,1101,114,bridge_data_v2-train.tfrecord-00004-of-01024::57,36,0.23042178094844323,1.9763072294618245,1.0
train,1101,115,bridge_data_v2-train.tfrecord-00004-of-01024::57,40,0.2351939541765254,1.406786370895144,1.0
train,1101,116,bridge_data_v2-train.tfrecord-00004-of-01024::57,44,0.2675805093826484,0.9107268313114318,1.0
train,1101,117,bridge_data_v2-train.tfrecord-00004-of-01024::57,48,0.171013904408782,1.1225316971086952,1.0
train,1101,118,bridge_data_v2-train.tfrecord-00004-of-01024::57,52,0.1416937746534921,0.9025484500754211,1.0
train,1101,119,bridge_data_v2-train.tfrecord-00004-of-01024::57,56,0.14666229424971744,0.6888993929724003,1.0
train,1101,120,bridge_data_v2-train.tfrecord-00004-of-01024::57,60,0.2341528900174755,0.7342847701630312,1.0
train,1101,121,bridge_data_v2-train.tfrecord-00004-of-01024::57,64,0.2523446818645879,1.3133948470216286,1.0
train,1101,122,bridge_data_v2-train.tfrecord-00004-of-01024::57,68,0.12221237779137305,0.7570740545617674,1.0
train,1101,123,bridge_data_v2-train.tfrecord-00004-of-01024::57,72,0.18426956960086316,1.1792125544235248,1.0
train,1101,157,bridge_data_v2-train.tfrecord-00005-of-01024::39,0,0.13476753333291938,0.8681734468443211,1.0
train,1101,158,bridge_data_v2-train.tfrecord-00005-of-01024::39,4,0.10040125589582888,0.684780001217891,1.0
train,1101,159,bridge_data_v2-train.tfrecord-00005-of-01024::39,8,0.1369821012875267,0.7090332863970362,1.0
train,1101,160,bridge_data_v2-train.tfrecord-00005-of-01024::39,12,0.14316161998650467,0.6838328156646296,1.0
train,1101,161,bridge_data_v2-train.tfrecord-00005-of-01024::39,16,0.2695474265316896,0.6023265851586472,1.0
train,1101,162,bridge_data_v2-train.tfrecord-00005-of-01024::39,20,0.22055345048399005,0.7035332429699959,1.0
train,1101,163,bridge_data_v2-train.tfrecord-00005-of-01024::39,24,0.20328746588553076,0.9118170593531123,1.0
train,1101,164,bridge_data_v2-train.tfrecord-00005-of-01024::39,28,0.3877557236828506,1.1058151912982934,1.0
train,1101,165,bridge_data_v2-train.tfrecord-00005-of-01024::39,32,0.2988541624183546,1.043683906759182,1.0
train,1101,166,bridge_data_v2-train.tfrecord-00005-of-01024::39,36,0.1760630659932315,1.1379781183259983,1.0
train,1101,167,bridge_data_v2-train.tfrecord-00005-of-01024::39,40,0.2208947061438593,0.9584715656046965,1.0
train,1101,168,bridge_data_v2-train.tfrecord-00005-of-01024::39,44,0.24056182889259042,0.9879483367597091,1.0
train,1101,169,bridge_data_v2-train.tfrecord-00005-of-01024::39,48,0.2844737422707627,1.0709514055132354,1.0
train,1101,170,bridge_data_v2-train.tfrecord-00005-of-01024::39,52,0.18745927301069376,0.7890224802027472,1.0
train,1101,171,bridge_data_v2-train.tfrecord-00005-of-01024::39,56,0.17814460756243847,1.0116798336297355,1.0
train,1101,172,bridge_data_v2-train.tfrecord-00005-of-01024::39,60,0.2981904719471309,1.254229670720194,1.0
train,1101,173,bridge_data_v2-train.tfrecord-00005-of-01024::39,64,0.3678890280245913,1.126138580523332,1.0
train,1101,174,bridge_data_v2-train.tfrecord-00006-of-01024::25,0,0.1432861618607609,1.0328225045840789,1.0
train,1101,175,bridge_data_v2-train.tfrecord-00006-of-01024::25,4,0.20059739733502746,1.062854498791965,1.0
train,1101,176,bridge_data_v2-train.tfrecord-00006-of-01024::25,8,0.2218691266498523,1.0286815150596398,1.0
train,1101,177,bridge_data_v2-train.tfrecord-00006-of-01024::25,12,0.24538876728873255,1.1604116767650248,1.0
train,1101,178,bridge_data_v2-train.tfrecord-00006-of-01024::25,16,0.1448452521100743,0.4720042388918277,1.0
train,1101,179,bridge_data_v2-train.tfrecord-00006-of-01024::25,20,0.13101331456196938,0.956019064792714,1.0
train,1101,180,bridge_data_v2-train.tfrecord-00006-of-01024::25,24,0.1149353954949494,1.155399076952273,1.0
train,1101,181,bridge_data_v2-train.tfrecord-00006-of-01024::25,28,0.0976376560863494,1.0051305909776904,1.0
train,1101,182,bridge_data_v2-train.tfrecord-00006-of-01024::25,32,0.09399047792726482,0.49727553457497986,1.0
train,1101,183,bridge_data_v2-train.tfrecord-00006-of-01024::25,36,0.10040120606141964,0.5601592064456832,1.0
train,1101,184,bridge_data_v2-train.tfrecord-00006-of-01024::25,40,0.12669686511169836,0.7342646012253067,1.0
train,1101,185,bridge_data_v2-train.tfrecord-00006-of-01024::25,44,0.1906115502606625,0.7642438866677668,1.0
train,1101,186,bridge_data_v2-train.tfrecord-00006-of-01024::25,48,0.21284818928830557,0.8553238971018372,1.0
train,1101,187,bridge_data_v2-train.tfrecord-00006-of-01024::25,52,0.10131732637362756,0.983576043067603,1.0
train,1101,188,bridge_data_v2-train.tfrecord-00006-of-01024::25,56,0.10940162117033418,0.695137630066676,1.0
train,1101,189,bridge_data_v2-train.tfrecord-00006-of-01024::25,60,0.1358453870963508,1.0859133591978973,1.0
train,1101,190,bridge_data_v2-train.tfrecord-00006-of-01024::35,0,0.26842370375438046,1.044915763421626,1.0
train,1101,191,bridge_data_v2-train.tfrecord-00006-of-01024::35,4,0.3834147035089128,0.7245903979293462,1.0
train,1101,192,bridge_data_v2-train.tfrecord-00006-of-01024::35,8,0.25881085700668927,0.8959361900417417,1.0
train,1101,193,bridge_data_v2-train.tfrecord-00006-of-01024::35,12,0.35256513622642527,0.7741196891157114,1.0
train,1101,194,bridge_data_v2-train.tfrecord-00006-of-01024::35,16,0.24371905917325226,0.8266317253051043,1.0
train,1101,195,bridge_data_v2-train.tfrecord-00006-of-01024::35,20,0.1970107438890496,1.2114777257435494,1.0
train,1101,196,bridge_data_v2-train.tfrecord-00006-of-01024::35,24,0.3133123291966065,1.0210348986397277,1.0
train,1101,197,bridge_data_v2-train.tfrecord-00006-of-01024::35,28,0.17007567807725424,0.592096358534499,1.0
train,1101,198,bridge_data_v2-train.tfrecord-00006-of-01024::35,32,0.22628467858157159,1.1650078144255396,1.0
train,1101,199,bridge_data_v2-train.tfrecord-00006-of-01024::35,36,0.21190528758090701,1.157223155641045,1.0
train,1101,200,bridge_data_v2-train.tfrecord-00006-of-01024::35,40,0.23250002765899297,1.442305339982738,1.0
train,1101,201,bridge_data_v2-train.tfrecord-00006-of-01024::35,44,0.39090902438901803,0.7591888196374817,1.0
train,1101,202,bridge_data_v2-train.tfrecord-00006-of-01024::35,48,0.4233028464577796,0.9138425046110986,1.0
train,1101,203,bridge_data_v2-train.tfrecord-00006-of-01024::35,52,0.30408594719615023,1.0357981902814517,1.0
train,1101,204,bridge_data_v2-train.tfrecord-00006-of-01024::35,56,0.2054718669392749,0.7422243626288123,1.0
train,1101,205,bridge_data_v2-train.tfrecord-00006-of-01024::35,60,0.4016584828302262,1.204976683901051,1.0
train,1101,206,bridge_data_v2-train.tfrecord-00006-of-01024::35,64,0.29056790230673035,0.9375272342398873,1.0
train,1101,207,bridge_data_v2-train.tfrecord-00006-of-01024::35,68,0.23731690021928029,0.8787075585193258,1.0
train,1101,208,bridge_data_v2-train.tfrecord-00006-of-01024::35,72,0.23538692235815561,1.237186577252147,1.0
train,1101,209,bridge_data_v2-train.tfrecord-00006-of-01024::35,76,0.23424171839115973,0.9334724616480296,1.0
train,1101,210,bridge_data_v2-train.tfrecord-00006-of-01024::35,80,0.19914338032977463,0.5980580665475621,1.0
train,1101,211,bridge_data_v2-train.tfrecord-00008-of-01024::1,0,0.2201832818874196,1.0669201448838257,1.0
train,1101,212,bridge_data_v2-train.tfrecord-00008-of-01024::1,4,0.21282064155541724,1.0257621014152223,1.0
train,1101,213,bridge_data_v2-train.tfrecord-00008-of-01024::1,8,0.22552145096845472,0.7617266939984243,1.0
train,1101,214,bridge_data_v2-train.tfrecord-00008-of-01024::1,12,0.26792679810686526,0.866642329641178,1.0
train,1101,215,bridge_data_v2-train.tfrecord-00008-of-01024::1,16,0.18693467700969338,0.794521368218017,1.0
train,1101,216,bridge_data_v2-train.tfrecord-00008-of-01024::1,20,0.21702450616290025,0.8232766323690038,1.0
train,1101,217,bridge_data_v2-train.tfrecord-00008-of-01024::1,24,0.2958673364882295,1.4190177504720463,1.0
train,1101,218,bridge_data_v2-train.tfrecord-00008-of-01024::1,28,0.16016651688008235,1.325006772448589,1.0
train,1101,219,bridge_data_v2-train.tfrecord-00008-of-01024::1,32,0.26610556700200494,1.2580142239563523,1.0
train,1101,220,bridge_data_v2-train.tfrecord-00008-of-01024::1,36,0.1897284063279465,1.044706064152681,1.0
train,1101,221,bridge_data_v2-train.tfrecord-00008-of-01024::1,40,0.30955377244857707,1.1618021549130106,1.0
train,1101,222,bridge_data_v2-train.tfrecord-00008-of-01024::1,44,0.2674922112752969,0.9858729829720216,1.0
train,1101,223,bridge_data_v2-train.tfrecord-00008-of-01024::1,48,0.2587926649203453,1.4285327033887896,1.0
train,1101,224,bridge_data_v2-train.tfrecord-00008-of-01024::1,52,0.18643551043140721,1.1384139823417756,1.0
train,1101,225,bridge_data_v2-train.tfrecord-00008-of-01024::1,56,0.21742779435088383,0.49063974706595165,1.0
train,1101,226,bridge_data_v2-train.tfrecord-00008-of-01024::1,60,0.18751868526194532,0.6395925714322999,1.0
train,1101,227,bridge_data_v2-train.tfrecord-00008-of-01024::1,64,0.2721922136326019,0.9742204867449155,1.0
train,1101,228,bridge_data_v2-train.tfrecord-00008-of-01024::1,68,0.30414518956729697,0.8106027447665457,1.0
train,1101,229,bridge_data_v2-train.tfrecord-00008-of-01024::1,72,0.20496921505899968,1.324441031741782,1.0
train,1101,230,bridge_data_v2-train.tfrecord-00008-of-01024::1,76,0.16010423297303866,0.8925102002793552,1.0
train,1101,231,bridge_data_v2-train.tfrecord-00008-of-01024::1,80,0.17536624798530775,0.988397543861041,1.0
train,1101,232,bridge_data_v2-train.tfrecord-00009-of-01024::10,0,0.19091721912412224,0.8207227666955395,1.0
train,1101,233,bridge_data_v2-train.tfrecord-00009-of-01024::10,4,0.2030923310086803,0.7639959690560585,1.0
train,1101,234,bridge_data_v2-train.tfrecord-00009-of-01024::10,8,0.19419816797945932,0.9651095284393196,1.0
train,1101,235,bridge_data_v2-train.tfrecord-00009-of-01024::10,12,0.5874660132236204,1.1043733722189422,1.0
train,1101,236,bridge_data_v2-train.tfrecord-00009-of-01024::10,16,0.19868410621163168,1.1354450417410482,1.0
train,1101,237,bridge_data_v2-train.tfrecord-00009-of-01024::10,20,0.24486486272884728,0.9353145112891317,1.0
train,1101,238,bridge_data_v2-train.tfrecord-00009-of-01024::10,24,0.31831950782432983,1.0484619844784642,1.0
train,1101,239,bridge_data_v2-train.tfrecord-00009-of-01024::10,28,0.2626238582967892,1.0371411256435215,1.0
train,1101,240,bridge_data_v2-train.tfrecord-00009-of-01024::10,32,0.21593079649690086,0.7843484507880919,1.0
train,1101,241,bridge_data_v2-train.tfrecord-00009-of-01024::10,36,0.579690464313255,1.0206243853682313,1.0
train,1101,242,bridge_data_v2-train.tfrecord-00009-of-01024::10,40,0.320091649003725,0.8537026355699124,1.0
train,1101,243,bridge_data_v2-train.tfrecord-00009-of-01024::10,44,0.21380924635005494,1.402458289383044,1.0
train,1101,244,bridge_data_v2-train.tfrecord-00009-of-01024::10,48,0.2786780620595727,0.6542164815805415,1.0
train,1101,245,bridge_data_v2-train.tfrecord-00009-of-01024::10,52,0.29979141665374565,0.9868685442901957,1.0
train,1101,246,bridge_data_v2-train.tfrecord-00009-of-01024::10,56,0.25662029720510304,1.023629403225527,1.0
train,1101,247,bridge_data_v2-train.tfrecord-00009-of-01024::10,60,0.5119659473392797,1.3417870976801094,1.0
train,1101,248,bridge_data_v2-train.tfrecord-00009-of-01024::10,64,0.16765864359692628,0.9845317900373709,1.0
train,1101,249,bridge_data_v2-train.tfrecord-00009-of-01024::10,68,0.2301385614165051,1.3245188938178831,1.0
train,1101,250,bridge_data_v2-train.tfrecord-00009-of-01024::10,72,0.21110549204139503,0.9797355762539426,1.0
train,1101,251,bridge_data_v2-train.tfrecord-00009-of-01024::10,76,0.14664345388569347,0.952357789327613,1.0
train,1101,252,bridge_data_v2-train.tfrecord-00009-of-01024::10,80,0.13345280287461397,1.033761590598481,1.0
train,1101,253,bridge_data_v2-train.tfrecord-00009-of-01024::22,0,0.15547087321727565,0.7808914902993611,1.0
train,1101,254,bridge_data_v2-train.tfrecord-00009-of-01024::22,4,0.21254903267798658,0.5799254553182014,1.0
train,1101,255,bridge_data_v2-train.tfrecord-00009-of-01024::22,8,0.17224755687478646,0.6947338957667585,1.0
train,1101,256,bridge_data_v2-train.tfrecord-00009-of-01024::22,12,0.15783682308681163,0.6716917204035764,1.0
train,1101,257,bridge_data_v2-train.tfrecord-00009-of-01024::22,16,0.15678924275912567,0.6196402177766508,1.0
train,1101,258,bridge_data_v2-train.tfrecord-00009-of-01024::22,20,0.15319181408923793,0.7470348237947408,1.0
train,1101,259,bridge_data_v2-train.tfrecord-00009-of-01024::22,24,0.13249370631857832,0.7357347489418455,1.0
train,1101,260,bridge_data_v2-train.tfrecord-00009-of-01024::22,28,0.1811358508175575,0.9338272680663019,1.0
train,1101,261,bridge_data_v2-train.tfrecord-00009-of-01024::22,32,0.2090442944825343,1.0708040129422445,1.0
train,1101,262,bridge_data_v2-train.tfrecord-00009-of-01024::22,36,0.2249442592617555,1.5548912443746792,1.0
train,1101,263,bridge_data_v2-train.tfrecord-00009-of-01024::22,40,0.14131784094654734,0.8831913248296868,1.0
train,1101,264,bridge_data_v2-train.tfrecord-00009-of-01024::22,44,0.14059585225441645,1.0009799536930097,1.0
train,1101,265,bridge_data_v2-train.tfrecord-00009-of-01024::22,48,0.15608692986689496,1.100923488097981,1.0
train,1101,266,bridge_data_v2-train.tfrecord-00009-of-01024::22,52,0.17127385172483434,0.4998390527138178,1.0
train,1101,267,bridge_data_v2-train.tfrecord-00009-of-01024::22,56,0.1613405526916094,0.6689655330606307,1.0
train,1101,268,bridge_data_v2-train.tfrecord-00009-of-01024::22,60,0.14589276172481722,0.752328526625812,1.0
train,1101,269,bridge_data_v2-train.tfrecord-00009-of-01024::22,64,0.15916333207338862,0.8285150487101209,1.0
train,1101,270,bridge_data_v2-train.tfrecord-00009-of-01024::22,68,0.14931938075895426,1.0402308626237002,1.0
train,1101,271,bridge_data_v2-train.tfrecord-00009-of-01024::22,72,0.15715083330572915,0.4981854630793547,1.0
train,1101,272,bridge_data_v2-train.tfrecord-00009-of-01024::22,76,0.15472067841715123,0.8144747331778815,1.0
train,1101,273,bridge_data_v2-train.tfrecord-00009-of-01024::22,80,0.18286189253139556,0.7736855671755173,1.0
train,1101,274,bridge_data_v2-train.tfrecord-00010-of-01024::0,0,0.10987896536052888,0.9816467656991673,1.0
train,1101,275,bridge_data_v2-train.tfrecord-00010-of-01024::0,4,0.0849775172939524,0.8411577596153086,1.0
train,1101,276,bridge_data_v2-train.tfrecord-00010-of-01024::0,8,0.11986426366037323,0.7903594574572921,1.0
train,1101,277,bridge_data_v2-train.tfrecord-00010-of-01024::0,12,0.1806417660202535,0.8634397234509484,1.0
train,1101,278,bridge_data_v2-train.tfrecord-00010-of-01024::0,16,0.23197422544378468,0.6552759087552882,1.0
train,1101,279,bridge_data_v2-train.tfrecord-00010-of-01024::0,20,0.223204693646216,0.5717409374474595,1.0
train,1101,280,bridge_data_v2-train.tfrecord-00010-of-01024::0,24,0.15666552667917089,0.749986291939696,1.0
train,1101,281,bridge_data_v2-train.tfrecord-00010-of-01024::0,28,0.15573547652280012,0.6415577958219301,1.0
train,1101,282,bridge_data_v2-train.tfrecord-00010-of-01024::0,32,0.15806121611303942,0.8682060846934767,1.0
train,1101,283,bridge_data_v2-train.tfrecord-00010-of-01024::0,36,0.218772991361317,1.1097464093451626,1.0
train,1101,284,bridge_data_v2-train.tfrecord-00010-of-01024::0,40,0.2593260242048989,1.7895343981524197,1.0
train,1101,285,bridge_data_v2-train.tfrecord-00010-of-01024::0,44,0.20957190741377374,0.7522052018247792,1.0
train,1101,286,bridge_data_v2-train.tfrecord-00010-of-01024::0,48,0.15611079897770452,0.6045180569914044,1.0
train,1101,287,bridge_data_v2-train.tfrecord-00010-of-01024::0,52,0.10508072532804522,0.6184083040803809,1.0
train,1101,288,bridge_data_v2-train.tfrecord-00010-of-01024::0,56,0.12308250127794818,0.7311961196182255,1.0
train,1101,289,bridge_data_v2-train.tfrecord-00010-of-01024::0,60,0.1985598275607339,1.133242379569608,1.0
train,1101,290,bridge_data_v2-train.tfrecord-00010-of-01024::0,64,0.2572848925049619,1.266076493280237,1.0
train,1101,291,bridge_data_v2-train.tfrecord-00010-of-01024::0,68,0.2446799856076834,1.1467314484404079,1.0
train,1101,292,bridge_data_v2-train.tfrecord-00010-of-01024::48,0,0.17046541001292695,0.8289250572055361,1.0
train,1101,293,bridge_data_v2-train.tfrecord-00010-of-01024::48,4,0.17243421745693188,0.5713765171147451,1.0
train,1101,294,bridge_data_v2-train.tfrecord-00010-of-01024::48,8,0.19783326274486623,0.6462253699284451,1.0
train,1101,295,bridge_data_v2-train.tfrecord-00010-of-01024::48,12,0.23520414472440795,0.6750118125948543,1.0
train,1101,296,bridge_data_v2-train.tfrecord-00010-of-01024::48,16,0.18437825558766355,0.8518646452427996,1.0
train,1101,297,bridge_data_v2-train.tfrecord-00010-of-01024::48,20,0.14526960869309866,0.6507194598096476,1.0
train,1101,298,bridge_data_v2-train.tfrecord-00010-of-01024::48,24,0.19694888358212737,0.7469503947646956,1.0
train,1101,299,bridge_data_v2-train.tfrecord-00010-of-01024::48,28,0.2592232015528616,0.9970355762113436,1.0
train,1101,300,bridge_data_v2-train.tfrecord-00010-of-01024::48,32,0.28230018718888017,1.4496062679986115,1.0
train,1101,301,bridge_data_v2-train.tfrecord-00010-of-01024::48,36,0.15068149270394904,0.7763132392963348,1.0
train,1101,302,bridge_data_v2-train.tfrecord-00010-of-01024::48,40,0.24371131589287898,0.8148772611661594,1.0
train,1101,303,bridge_data_v2-train.tfrecord-00010-of-01024::48,44,0.2588758083260599,1.0042560988320224,1.0
train,1101,304,bridge_data_v2-train.tfrecord-00010-of-01024::48,48,0.14319857215043486,0.5955216330484456,1.0
train,1101,305,bridge_data_v2-train.tfrecord-00010-of-01024::48,52,0.17551438375541684,1.0801148526022857,1.0
train,1101,306,bridge_data_v2-train.tfrecord-00010-of-01024::48,56,0.1806230345029023,0.8929273611751011,1.0
train,1101,307,bridge_data_v2-train.tfrecord-00010-of-01024::48,60,0.21419368612534956,1.1630324747119478,1.0
train,1101,308,bridge_data_v2-train.tfrecord-00010-of-01024::48,64,0.14717899913064736,0.9108368795274175,1.0
train,1101,309,bridge_data_v2-train.tfrecord-00010-of-01024::48,68,0.24875363054807997,1.1653724613728929,1.0
train,1101,310,bridge_data_v2-train.tfrecord-00010-of-01024::48,72,0.15968848310369788,0.8260088926942699,1.0
train,1101,311,bridge_data_v2-train.tfrecord-00010-of-01024::48,76,0.10004915237763679,0.8349913483395162,1.0
train,1101,312,bridge_data_v2-train.tfrecord-00010-of-01024::48,80,0.13322437906266996,0.7319654262103641,1.0
train,1101,313,bridge_data_v2-train.tfrecord-00011-of-01024::34,0,0.18127248052707873,0.9826664088707564,1.0
train,1101,314,bridge_data_v2-train.tfrecord-00011-of-01024::34,4,0.21303222514807632,0.9704960355061232,1.0
train,1101,315,bridge_data_v2-train.tfrecord-00011-of-01024::34,8,0.17205418937005057,0.8650005541577206,1.0
train,1101,316,bridge_data_v2-train.tfrecord-00011-of-01024::34,12,0.22776077099490233,0.8295125352714682,1.0
train,1101,317,bridge_data_v2-train.tfrecord-00011-of-01024::34,16,0.26624138596056757,1.0342617572880757,1.0
train,1101,318,bridge_data_v2-train.tfrecord-00011-of-01024::34,20,0.30418863189751444,0.9647042920936927,1.0
train,1101,319,bridge_data_v2-train.tfrecord-00011-of-01024::34,24,0.22950030718822598,0.9118279730469078,1.0
train,1101,320,bridge_data_v2-train.tfrecord-00011-of-01024::34,28,0.20941191581362661,0.9089411627273888,1.0
train,1101,321,bridge_data_v2-train.tfrecord-00011-of-01024::34,32,0.19410199954804655,1.220578988453802,1.0
train,1101,322,bridge_data_v2-train.tfrecord-00011-of-01024::34,36,0.12921356306805207,0.8968029131583428,1.0
train,1101,323,bridge_data_v2-train.tfrecord-00011-of-01024::34,40,0.20938581292013617,1.5225572526235354,1.0
train,1101,324,bridge_data_v2-train.tfrecord-00011-of-01024::34,44,0.18282639147385574,0.9537378112533533,1.0
train,1101,325,bridge_data_v2-train.tfrecord-00011-of-01024::34,48,0.23396949008367665,0.9694299824883605,1.0
train,1101,326,bridge_data_v2-train.tfrecord-00011-of-01024::34,52,0.2379460936188067,1.4284450058021692,1.0
train,1101,327,bridge_data_v2-train.tfrecord-00011-of-01024::34,56,0.5195538148423318,1.1680284146921174,1.0
train,1101,328,bridge_data_v2-train.tfrecord-00011-of-01024::34,60,0.20953871657253292,0.9842398557517711,1.0
train,1101,329,bridge_data_v2-train.tfrecord-00011-of-01024::34,64,0.15643812796592535,1.3014642521429831,1.0
train,1101,330,bridge_data_v2-train.tfrecord-00011-of-01024::34,68,0.2175988575687474,1.5036131297816933,1.0
train,1101,331,bridge_data_v2-train.tfrecord-00011-of-01024::34,72,0.19694373238561586,1.2306961218028185,1.0
train,1101,332,bridge_data_v2-train.tfrecord-00011-of-01024::34,76,0.33413659849387334,1.306520878620599,1.0
train,1101,333,bridge_data_v2-train.tfrecord-00011-of-01024::41,0,0.1312303740977504,0.8671474106867465,1.0
train,1101,334,bridge_data_v2-train.tfrecord-00011-of-01024::41,4,0.16768374059210744,1.033104951143549,1.0
train,1101,335,bridge_data_v2-train.tfrecord-00011-of-01024::41,8,0.2262341013259916,1.023452810030196,1.0
train,1101,336,bridge_data_v2-train.tfrecord-00011-of-01024::41,12,0.18193704501334415,0.7620121665938571,1.0
train,1101,337,bridge_data_v2-train.tfrecord-00011-of-01024::41,16,0.18831116370288226,0.7209617544628981,1.0
train,1101,338,bridge_data_v2-train.tfrecord-00011-of-01024::41,20,0.26192604001533043,0.8663274516176835,1.0
train,1101,339,bridge_data_v2-train.tfrecord-00011-of-01024::41,24,0.36316865958837885,0.9757005262908627,1.0
train,1101,340,bridge_data_v2-train.tfrecord-00011-of-01024::41,28,0.19265081497010939,0.5840290790889073,1.0
train,1101,341,bridge_data_v2-train.tfrecord-00011-of-01024::41,32,0.20337580840580533,1.0867540916929266,1.0
train,1101,342,bridge_data_v2-train.tfrecord-00011-of-01024::41,36,0.21892683416729644,1.3600475315170901,1.0
train,1101,343,bridge_data_v2-train.tfrecord-00011-of-01024::41,40,0.1794167158285661,0.8110892703299935,1.0
train,1101,344,bridge_data_v2-train.tfrecord-00011-of-01024::41,44,0.25487508896588346,0.8666065505789425,1.0
train,1101,345,bridge_data_v2-train.tfrecord-00011-of-01024::41,48,0.20772959563072763,0.9546839442934963,1.0
train,1101,346,bridge_data_v2-train.tfrecord-00011-of-01024::41,52,0.2115359112915683,0.9546257055154854,1.0
train,1101,347,bridge_data_v2-train.tfrecord-00011-of-01024::41,56,0.2072855400388483,0.9890741067452399,1.0
train,1101,348,bridge_data_v2-train.tfrecord-00011-of-01024::41,60,0.11424234944912086,0.807682165850331,1.0
train,1101,349,bridge_data_v2-train.tfrecord-00011-of-01024::41,64,0.2581186925009326,1.1217605027347803,1.0
train,1101,350,bridge_data_v2-train.tfrecord-00012-of-01024::40,0,0.11980466123330993,0.7389097434728917,1.0
train,1101,351,bridge_data_v2-train.tfrecord-00012-of-01024::40,4,0.11047822655677995,0.9569318926078951,1.0
train,1101,352,bridge_data_v2-train.tfrecord-00012-of-01024::40,8,0.08938439591183348,0.9752884099374719,1.0
train,1101,353,bridge_data_v2-train.tfrecord-00012-of-01024::40,12,0.08262312367609065,0.9216143146647359,1.0
train,1101,354,bridge_data_v2-train.tfrecord-00012-of-01024::40,16,0.0966563500247764,0.9723935601030792,1.0
train,1101,355,bridge_data_v2-train.tfrecord-00012-of-01024::40,20,0.09822958973713533,1.2769442881296267,1.0
train,1101,356,bridge_data_v2-train.tfrecord-00012-of-01024::40,24,0.10851301614651218,1.1764160475267218,1.0
train,1101,357,bridge_data_v2-train.tfrecord-00012-of-01024::40,28,0.1267930739317954,1.3492413360851907,1.0
train,1101,358,bridge_data_v2-train.tfrecord-00012-of-01024::40,32,0.09797049230540755,0.9851435804743313,1.0
train,1101,359,bridge_data_v2-train.tfrecord-00012-of-01024::40,36,0.13042750089615768,1.1225088878813065,1.0
train,1101,360,bridge_data_v2-train.tfrecord-00012-of-01024::40,40,0.15036215222787733,0.7898673750453461,1.0
train,1101,361,bridge_data_v2-train.tfrecord-00012-of-01024::40,44,0.19038626322193336,1.0419671196203226,1.0
train,1101,362,bridge_data_v2-train.tfrecord-00012-of-01024::40,48,0.22229300403035276,1.2051179370145437,1.0
train,1101,363,bridge_data_v2-train.tfrecord-00012-of-01024::40,52,0.14985306113500474,0.969569685246061,1.0
train,1101,376,bridge_data_v2-train.tfrecord-00013-of-01024::50,0,0.2533229779577182,0.7533125481484062,1.0
train,1101,377,bridge_data_v2-train.tfrecord-00013-of-01024::50,4,0.17442170434130388,0.8802514967138666,1.0
train,1101,378,bridge_data_v2-train.tfrecord-00013-of-01024::50,8,0.1433450036539708,0.9049511509214089,1.0
train,1101,379,bridge_data_v2-train.tfrecord-00013-of-01024::50,12,0.14233460797508432,1.195124210472352,1.0
train,1101,380,bridge_data_v2-train.tfrecord-00013-of-01024::50,16,0.1404908486261394,0.8889208750238288,1.0
train,1101,381,bridge_data_v2-train.tfrecord-00013-of-01024::50,20,0.14829629849665216,0.7685909778849558,1.0
train,1101,382,bridge_data_v2-train.tfrecord-00013-of-01024::50,24,0.19491586920728105,0.8027728369031295,1.0
train,1101,383,bridge_data_v2-train.tfrecord-00013-of-01024::50,28,0.1932902587506806,1.0050273684287283,1.0
train,1101,384,bridge_data_v2-train.tfrecord-00013-of-01024::50,32,0.193236134147696,0.7375766467146766,1.0
train,1101,385,bridge_data_v2-train.tfrecord-00014-of-01024::45,0,0.13450289083902545,0.8264927651256746,1.0
train,1101,386,bridge_data_v2-train.tfrecord-00014-of-01024::45,4,0.2284779148372601,0.7223461994247762,1.0
train,1101,387,bridge_data_v2-train.tfrecord-00014-of-01024::45,8,0.27271928298605247,0.7728076832525901,1.0
train,1101,388,bridge_data_v2-train.tfrecord-00014-of-01024::45,12,0.227520259263754,0.8555512748015314,1.0
train,1101,389,bridge_data_v2-train.tfrecord-00014-of-01024::45,16,0.2528069349722579,1.0172969116160606,1.0
train,1101,390,bridge_data_v2-train.tfrecord-00014-of-01024::45,20,0.38450461895443006,1.3117089403839188,1.0
train,1101,391,bridge_data_v2-train.tfrecord-00014-of-01024::45,24,0.2375475514185776,0.7488266116227376,1.0
train,1101,392,bridge_data_v2-train.tfrecord-00014-of-01024::45,28,0.18327629625363598,0.8644946541926237,1.0
train,1101,393,bridge_data_v2-train.tfrecord-00014-of-01024::45,32,0.24201223339162165,1.2753630688512518,1.0
train,1101,394,bridge_data_v2-train.tfrecord-00014-of-01024::45,36,0.43975301170630177,1.1715888406885886,1.0
train,1101,395,bridge_data_v2-train.tfrecord-00014-of-01024::45,40,0.25314743844298077,0.8697880730600704,1.0
train,1101,396,bridge_data_v2-train.tfrecord-00014-of-01024::45,44,0.2544482949607261,0.7422621551808003,1.0
train,1101,397,bridge_data_v2-train.tfrecord-00014-of-01024::45,48,0.2881713847110601,0.6931506272956702,1.0
train,1101,398,bridge_data_v2-train.tfrecord-00014-of-01024::45,52,0.258326774803828,0.6784037731085757,1.0
train,1101,399,bridge_data_v2-train.tfrecord-00014-of-01024::45,56,0.2906966432595932,1.0684247082445428,1.0
train,1101,400,bridge_data_v2-train.tfrecord-00014-of-01024::45,60,0.19401865396582024,1.0669352934600367,1.0
train,1101,401,bridge_data_v2-train.tfrecord-00014-of-01024::45,64,0.2605252570586758,1.6207862403438404,1.0
train,1101,402,bridge_data_v2-train.tfrecord-00014-of-01024::45,68,0.2024110960957109,1.1302971701767546,1.0
train,1101,403,bridge_data_v2-train.tfrecord-00014-of-01024::45,72,0.20141767204539388,1.1470811020998335,1.0
train,1101,404,bridge_data_v2-train.tfrecord-00014-of-01024::45,76,0.1875945191217519,1.1670774301172657,1.0
train,1101,405,bridge_data_v2-train.tfrecord-00014-of-01024::45,80,0.2056347779868509,1.0879299822259547,1.0
train,1102,7,bridge_data_v2-train.tfrecord-00001-of-01024::29,0,0.22627987289604123,1.1247400225389161,1.0
train,1102,8,bridge_data_v2-train.tfrecord-00001-of-01024::29,4,0.1557842052414357,0.9393294972170598,1.0
train,1102,9,bridge_data_v2-train.tfrecord-00001-of-01024::29,8,0.2203954064306689,0.4820440185579289,1.0
train,1102,10,bridge_data_v2-train.tfrecord-00001-of-01024::29,12,0.16035469795744897,0.6882437218884385,1.0
train,1102,11,bridge_data_v2-train.tfrecord-00001-of-01024::29,16,0.1969706626735361,0.8554040768182191,1.0
train,1102,12,bridge_data_v2-train.tfrecord-00001-of-01024::29,20,0.18046837955399897,1.1198726727626276,1.0
train,1102,13,bridge_data_v2-train.tfrecord-00001-of-01024::29,24,0.22617970644164725,1.2644426054326667,1.0
train,1102,14,bridge_data_v2-train.tfrecord-00001-of-01024::29,28,0.1715720750644921,0.9940031520762902,1.0
train,1102,15,bridge_data_v2-train.tfrecord-00001-of-01024::29,32,0.15957946139707832,1.0851048550364357,1.0
train,1102,16,bridge_data_v2-train.tfrecord-00001-of-01024::29,36,0.3803606553899369,0.8598474265285624,1.0
train,1102,17,bridge_data_v2-train.tfrecord-00001-of-01024::29,40,0.2946905853349434,0.786329911680612,1.0
train,1102,18,bridge_data_v2-train.tfrecord-00001-of-01024::29,44,0.21363643515487918,0.7112535362642849,1.0
train,1102,19,bridge_data_v2-train.tfrecord-00001-of-01024::29,48,0.1674709262390499,0.6374624652719466,1.0
train,1102,20,bridge_data_v2-train.tfrecord-00001-of-01024::29,52,0.1850195643777503,0.6190067753060786,1.0
train,1102,21,bridge_data_v2-train.tfrecord-00001-of-01024::29,56,0.20471419254293433,0.9649872384540815,1.0
train,1102,22,bridge_data_v2-train.tfrecord-00001-of-01024::29,60,0.14730425540961245,0.8387549317937801,1.0
train,1102,23,bridge_data_v2-train.tfrecord-00001-of-01024::29,64,0.1787104361547825,1.0070533711818577,1.0
train,1102,24,bridge_data_v2-train.tfrecord-00001-of-01024::29,68,0.2326583617874965,0.8793100311538181,1.0
train,1102,25,bridge_data_v2-train.tfrecord-00002-of-01024::22,0,0.1716633695945312,0.8805589065817412,1.0
train,1102,26,bridge_data_v2-train.tfrecord-00002-of-01024::22,4,0.1560624652300704,0.8800204972170695,1.0
train,1102,27,bridge_data_v2-train.tfrecord-00002-of-01024::22,8,0.17316303749650333,0.8359488143204803,1.0
train,1102,28,bridge_data_v2-train.tfrecord-00002-of-01024::22,12,0.1881083472993642,0.6856603471564529,1.0
train,1102,29,bridge_data_v2-train.tfrecord-00002-of-01024::22,16,0.2531613050135229,0.5540769605427551,1.0
train,1102,30,bridge_data_v2-train.tfrecord-00002-of-01024::22,20,0.17592970403031122,0.7554685497796172,1.0
train,1102,31,bridge_data_v2-train.tfrecord-00002-of-01024::22,24,0.14061340397166885,0.7863773599372551,1.0
train,1102,32,bridge_data_v2-train.tfrecord-00002-of-01024::22,28,0.25644511485526633,1.066829768298287,1.0
train,1102,33,bridge_data_v2-train.tfrecord-00002-of-01024::22,32,0.26680365616921387,1.349429255515951,1.0
train,1102,34,bridge_data_v2-train.tfrecord-00002-of-01024::22,36,0.2488926474790925,1.7238445553698432,1.0
train,1102,35,bridge_data_v2-train.tfrecord-00002-of-01024::22,40,0.1517259497172282,0.9168904376627112,1.0
train,1102,36,bridge_data_v2-train.tfrecord-00002-of-01024::22,44,0.18909514753667978,0.832512361283652,1.0
train,1102,37,bridge_data_v2-train.tfrecord-00002-of-01024::22,48,0.13602536965685696,0.7975188587337882,1.0
train,1102,38,bridge_data_v2-train.tfrecord-00002-of-01024::22,52,0.13127280373298691,0.717459254052715,1.0
train,1102,39,bridge_data_v2-train.tfrecord-00002-of-01024::22,56,0.16901837951048937,0.9472968684563134,1.0
train,1102,40,bridge_data_v2-train.tfrecord-00002-of-01024::22,60,0.18658065727964168,1.0353088187913644,1.0
train,1102,41,bridge_data_v2-train.tfrecord-00002-of-01024::22,64,0.29066087758684916,1.2863823735881323,1.0
train,1102,42,bridge_data_v2-train.tfrecord-00002-of-01024::22,68,0.1534654241180507,0.9443992938344741,1.0
train,1102,43,bridge_data_v2-train.tfrecord-00002-of-01024::22,72,0.1577293879272446,0.8629658790453741,1.0
train,1102,44,bridge_data_v2-train.tfrecord-00002-of-01024::22,76,0.1589431027726251,1.2697822153155771,1.0
train,1102,45,bridge_data_v2-train.tfrecord-00002-of-01024::22,80,0.1938016411819359,1.221826665247882,1.0
train,1102,84,bridge_data_v2-train.tfrecord-00003-of-01024::38,0,0.18138558445764974,0.9946308048855463,1.0
train,1102,85,bridge_data_v2-train.tfrecord-00003-of-01024::38,4,0.15076314531007357,0.9902023851513515,1.0
train,1102,86,bridge_data_v2-train.tfrecord-00003-of-01024::38,8,0.17994824327573378,1.0452406389105895,1.0
train,1102,87,bridge_data_v2-train.tfrecord-00003-of-01024::38,12,0.25139850416798687,0.8434152388990707,1.0
train,1102,88,bridge_data_v2-train.tfrecord-00003-of-01024::38,16,0.20946674592186548,0.7534349422930451,1.0
train,1102,89,bridge_data_v2-train.tfrecord-00003-of-01024::38,20,0.2328797984855672,0.8946801115525626,1.0
train,1102,90,bridge_data_v2-train.tfrecord-00003-of-01024::38,24,0.501792360708391,0.9149473553660825,1.0
train,1102,91,bridge_data_v2-train.tfrecord-00003-of-01024::38,28,0.2287155630551726,0.9511118567316575,1.0
train,1102,92,bridge_data_v2-train.tfrecord-00003-of-01024::38,32,0.14458286877970908,1.0154432834282106,1.0
train,1102,93,bridge_data_v2-train.tfrecord-00003-of-01024::38,36,0.26450806749983896,0.8630855867593963,1.0
train,1102,94,bridge_data_v2-train.tfrecord-00003-of-01024::38,40,0.3026527644284027,1.002389640752843,1.0
train,1102,95,bridge_data_v2-train.tfrecord-00003-of-01024::38,44,0.3209376970694174,0.9203707626112647,1.0
train,1102,96,bridge_data_v2-train.tfrecord-00003-of-01024::38,48,0.24529526700963178,0.7565756077446801,1.0
train,1102,97,bridge_data_v2-train.tfrecord-00003-of-01024::38,52,0.27633674281361054,1.1651568669368235,1.0
train,1102,98,bridge_data_v2-train.tfrecord-00003-of-01024::38,56,0.1966710646506441,1.0195811060370326,1.0
train,1102,99,bridge_data_v2-train.tfrecord-00003-of-01024::38,60,0.18547662031370643,0.885070962666588,1.0
train,1102,100,bridge_data_v2-train.tfrecord-00003-of-01024::38,64,0.22091158372780811,1.010386336201246,1.0
train,1102,101,bridge_data_v2-train.tfrecord-00003-of-01024::38,68,0.27896764923535794,1.0793930420607583,1.0
train,1102,102,bridge_data_v2-train.tfrecord-00003-of-01024::38,72,0.323512536380464,1.0527708241672031,1.0
train,1102,103,bridge_data_v2-train.tfrecord-00003-of-01024::38,76,0.24352024085793156,0.6020690201684842,1.0
train,1102,104,bridge_data_v2-train.tfrecord-00003-of-01024::38,80,0.27851784325004625,1.5639684769852615,1.0
train,1102,105,bridge_data_v2-train.tfrecord-00004-of-01024::57,0,0.17976634076924608,0.7209545446523566,1.0
train,1102,106,bridge_data_v2-train.tfrecord-00004-of-01024::57,4,0.22297229076001893,0.5780726306288657,1.0
train,1102,107,bridge_data_v2-train.tfrecord-00004-of-01024::57,8,0.17444482822282092,0.8538311896182976,1.0
train,1102,108,bridge_data_v2-train.tfrecord-00004-of-01024::57,12,0.1998099971733763,0.9327837236260427,1.0
train,1102,109,bridge_data_v2-train.tfrecord-00004-of-01024::57,16,0.19421523949052305,1.3397488981354178,1.0
train,1102,110,bridge_data_v2-train.tfrecord-00004-of-01024::57,20,0.19920041976090408,1.3831436853506016,1.0
train,1102,111,bridge_data_v2-train.tfrecord-00004-of-01024::57,24,0.14600759127760699,1.5920446067831844,1.0
train,1102,112,bridge_data_v2-train.tfrecord-00004-of-01024::57,28,0.20068645854302325,0.6657206954046674,1.0
train,1102,113,bridge_data_v2-train.tfrecord-00004-of-01024::57,32,0.13753255985836288,1.1313564618235648,1.0
train,1102,114,bridge_data_v2-train.tfrecord-00004-of-01024::57,36,0.23033334394800808,1.9819021193890638,1.0
train,1102,115,bridge_data_v2-train.tfrecord-00004-of-01024::57,40,0.23515851377577646,1.4018565942188552,1.0
train,1102,116,bridge_data_v2-train.tfrecord-00004-of-01024::57,44,0.2672358770898898,0.9156955934534023,1.0
train,1102,117,bridge_data_v2-train.tfrecord-00004-of-01024::57,48,0.1703593667952114,1.1247311882592532,1.0
train,1102,118,bridge_data_v2-train.tfrecord-00004-of-01024::57,52,0.1420229865745446,0.8997207712743394,1.0
train,1102,119,bridge_data_v2-train.tfrecord-00004-of-01024::57,56,0.1462353374614801,0.6889240312481939,1.0
train,1102,120,bridge_data_v2-train.tfrecord-00004-of-01024::57,60,0.2342346203430484,0.731387797929561,1.0
train,1102,121,bridge_data_v2-train.tfrecord-00004-of-01024::57,64,0.2520679270702201,1.3105615375401891,1.0
train,1102,122,bridge_data_v2-train.tfrecord-00004-of-01024::57,68,0.12268529243068513,0.7599045410072979,1.0
train,1102,123,bridge_data_v2-train.tfrecord-00004-of-01024::57,72,0.18385279996652956,1.1768732551803907,1.0
train,1102,157,bridge_data_v2-train.tfrecord-00005-of-01024::39,0,0.1353993282400365,0.8739887361623725,1.0
train,1102,158,bridge_data_v2-train.tfrecord-00005-of-01024::39,4,0.10001584284250126,0.6850620921989365,1.0
train,1102,159,bridge_data_v2-train.tfrecord-00005-of-01024::39,8,0.1377856868787974,0.7067472635692675,1.0
train,1102,160,bridge_data_v2-train.tfrecord-00005-of-01024::39,12,0.143620273675402,0.6787461372961587,1.0
train,1102,161,bridge_data_v2-train.tfrecord-00005-of-01024::39,16,0.2700500375277476,0.6061326138295187,1.0
train,1102,162,bridge_data_v2-train.tfrecord-00005-of-01024::39,20,0.22065728304093485,0.7045641563972864,1.0
train,1102,163,bridge_data_v2-train.tfrecord-00005-of-01024::39,24,0.20364994454596114,0.9048489877951594,1.0
train,1102,164,bridge_data_v2-train.tfrecord-00005-of-01024::39,28,0.38702930600114144,1.1121731757220066,1.0
train,1102,165,bridge_data_v2-train.tfrecord-00005-of-01024::39,32,0.2995615836198212,1.0466518089142938,1.0
train,1102,166,bridge_data_v2-train.tfrecord-00005-of-01024::39,36,0.17618058660022096,1.1349050463607957,1.0
train,1102,167,bridge_data_v2-train.tfrecord-00005-of-01024::39,40,0.22098827471815738,0.9588539736374354,1.0
train,1102,168,bridge_data_v2-train.tfrecord-00005-of-01024::39,44,0.24079100554949034,0.9853843515460913,1.0
train,1102,169,bridge_data_v2-train.tfrecord-00005-of-01024::39,48,0.2842522205274438,1.0725641688599,1.0
train,1102,170,bridge_data_v2-train.tfrecord-00005-of-01024::39,52,0.1873363148013723,0.7880500976188348,1.0
train,1102,171,bridge_data_v2-train.tfrecord-00005-of-01024::39,56,0.1778053518515711,1.0083581291466488,1.0
train,1102,172,bridge_data_v2-train.tfrecord-00005-of-01024::39,60,0.2973906470284806,1.2552327871545725,1.0
train,1102,173,bridge_data_v2-train.tfrecord-00005-of-01024::39,64,0.36803983017339315,1.1281616835537809,1.0
train,1102,174,bridge_data_v2-train.tfrecord-00006-of-01024::25,0,0.14340656542160304,1.0310219629572817,1.0
train,1102,175,bridge_data_v2-train.tfrecord-00006-of-01024::25,4,0.20051724588900566,1.0671184794322706,1.0
train,1102,176,bridge_data_v2-train.tfrecord-00006-of-01024::25,8,0.2219491985876477,1.0268683809179011,1.0
train,1102,177,bridge_data_v2-train.tfrecord-00006-of-01024::25,12,0.24592942087113817,1.1662770941965825,1.0
train,1102,178,bridge_data_v2-train.tfrecord-00006-of-01024::25,16,0.14515044069427901,0.46940478061191154,1.0
train,1102,179,bridge_data_v2-train.tfrecord-00006-of-01024::25,20,0.13128368958107822,0.9565755989004995,1.0
train,1102,180,bridge_data_v2-train.tfrecord-00006-of-01024::25,24,0.11428276507213027,1.157356722615428,1.0
train,1102,181,bridge_data_v2-train.tfrecord-00006-of-01024::25,28,0.09753220678582972,1.0030238407385548,1.0
train,1102,182,bridge_data_v2-train.tfrecord-00006-of-01024::25,32,0.09423136032013157,0.4924854265032971,1.0
train,1102,183,bridge_data_v2-train.tfrecord-00006-of-01024::25,36,0.1005392444830947,0.5579053360824886,1.0
train,1102,184,bridge_data_v2-train.tfrecord-00006-of-01024::25,40,0.1270810440976835,0.7380806011359096,1.0
train,1102,185,bridge_data_v2-train.tfrecord-00006-of-01024::25,44,0.19101338051272135,0.7564555179858143,1.0
train,1102,186,bridge_data_v2-train.tfrecord-00006-of-01024::25,48,0.21305467994189337,0.8575001414568927,1.0
train,1102,187,bridge_data_v2-train.tfrecord-00006-of-01024::25,52,0.10078790111423735,0.9808421461031742,1.0
train,1102,188,bridge_data_v2-train.tfrecord-00006-of-01024::25,56,0.10932281896141367,0.6927735544412992,1.0
train,1102,189,bridge_data_v2-train.tfrecord-00006-of-01024::25,60,0.13593125317091365,1.0860579659643326,1.0
train,1102,190,bridge_data_v2-train.tfrecord-00006-of-01024::35,0,0.26840703498181795,1.0487420635889941,1.0
train,1102,191,bridge_data_v2-train.tfrecord-00006-of-01024::35,4,0.3829520899656174,0.7264784252519978,1.0
train,1102,192,bridge_data_v2-train.tfrecord-00006-of-01024::35,8,0.25740816483383144,0.8943438584896497,1.0
train,1102,193,bridge_data_v2-train.tfrecord-00006-of-01024::35,12,0.35210608944400135,0.7730964692378008,1.0
train,1102,194,bridge_data_v2-train.tfrecord-00006-of-01024::35,16,0.24488586452795555,0.8322315805426457,1.0
train,1102,195,bridge_data_v2-train.tfrecord-00006-of-01024::35,20,0.19609228481803376,1.2119396787063332,1.0
train,1102,196,bridge_data_v2-train.tfrecord-00006-of-01024::35,24,0.31457343912032854,1.0300157572423736,1.0
train,1102,197,bridge_data_v2-train.tfrecord-00006-of-01024::35,28,0.1706770874593293,0.5945762185502103,1.0
train,1102,198,bridge_data_v2-train.tfrecord-00006-of-01024::35,32,0.22572915598043308,1.163712881913389,1.0
train,1102,199,bridge_data_v2-train.tfrecord-00006-of-01024::35,36,0.21152034910782957,1.1594184501577867,1.0
train,1102,200,bridge_data_v2-train.tfrecord-00006-of-01024::35,40,0.23341028143521456,1.4407837907689331,1.0
train,1102,201,bridge_data_v2-train.tfrecord-00006-of-01024::35,44,0.3909636513965046,0.7578558772702095,1.0
train,1102,202,bridge_data_v2-train.tfrecord-00006-of-01024::35,48,0.4222471121502197,0.9136975894934749,1.0
train,1102,203,bridge_data_v2-train.tfrecord-00006-of-01024::35,52,0.30366106130174364,1.0401533201258701,1.0
train,1102,204,bridge_data_v2-train.tfrecord-00006-of-01024::35,56,0.20409173380810222,0.7487147144073996,1.0
train,1102,205,bridge_data_v2-train.tfrecord-00006-of-01024::35,60,0.40170303098419713,1.2038956567706198,1.0
train,1102,206,bridge_data_v2-train.tfrecord-00006-of-01024::35,64,0.29046393097377426,0.9373054345248341,1.0
train,1102,207,bridge_data_v2-train.tfrecord-00006-of-01024::35,68,0.23762827175727444,0.880103927095249,1.0
train,1102,208,bridge_data_v2-train.tfrecord-00006-of-01024::35,72,0.23554130733030704,1.2399945091148328,1.0
train,1102,209,bridge_data_v2-train.tfrecord-00006-of-01024::35,76,0.23406206788117834,0.9388992455893259,1.0
train,1102,210,bridge_data_v2-train.tfrecord-00006-of-01024::35,80,0.19970300371963923,0.6010074858739654,1.0
train,1102,211,bridge_data_v2-train.tfrecord-00008-of-01024::1,0,0.22026520213348683,1.0638049434393322,1.0
train,1102,212,bridge_data_v2-train.tfrecord-00008-of-01024::1,4,0.2133039574230226,1.0217801708593228,1.0
train,1102,213,bridge_data_v2-train.tfrecord-00008-of-01024::1,8,0.22647624915893227,0.7663697726761177,1.0
train,1102,214,bridge_data_v2-train.tfrecord-00008-of-01024::1,12,0.2672642263202286,0.8604103500963871,1.0
train,1102,215,bridge_data_v2-train.tfrecord-00008-of-01024::1,16,0.18671555151376884,0.7929291406684637,1.0
train,1102,216,bridge_data_v2-train.tfrecord-00008-of-01024::1,20,0.2171033881828862,0.820408423129745,1.0
train,1102,217,bridge_data_v2-train.tfrecord-00008-of-01024::1,24,0.29557269507561784,1.4199999902058194,1.0
train,1102,218,bridge_data_v2-train.tfrecord-00008-of-01024::1,28,0.16032246630125963,1.3211971547930323,1.0
train,1102,219,bridge_data_v2-train.tfrecord-00008-of-01024::1,32,0.266006413588515,1.256991256005478,1.0
train,1102,220,bridge_data_v2-train.tfrecord-00008-of-01024::1,36,0.18984533081573268,1.0471461106487046,1.0
train,1102,221,bridge_data_v2-train.tfrecord-00008-of-01024::1,40,0.3103589949193554,1.1625151710329944,1.0
train,1102,222,bridge_data_v2-train.tfrecord-00008-of-01024::1,44,0.2675950008686792,0.9816528863847833,1.0
train,1102,223,bridge_data_v2-train.tfrecord-00008-of-01024::1,48,0.25956876472266954,1.423226219832057,1.0
train,1102,224,bridge_data_v2-train.tfrecord-00008-of-01024::1,52,0.18636434433755258,1.1369612609348172,1.0
train,1102,225,bridge_data_v2-train.tfrecord-00008-of-01024::1,56,0.21655798395754672,0.49421671476066237,1.0
train,1102,226,bridge_data_v2-train.tfrecord-00008-of-01024::1,60,0.18769736977216744,0.6382402746827068,1.0
train,1102,227,bridge_data_v2-train.tfrecord-00008-of-01024::1,64,0.27195421965166955,0.973320785097431,1.0
train,1102,228,bridge_data_v2-train.tfrecord-00008-of-01024::1,68,0.3039796432388608,0.813774361110241,1.0
train,1102,229,bridge_data_v2-train.tfrecord-00008-of-01024::1,72,0.2058976407612558,1.3227966802635804,1.0
train,1102,230,bridge_data_v2-train.tfrecord-00008-of-01024::1,76,0.16020733732906497,0.8932129236669615,1.0
train,1102,231,bridge_data_v2-train.tfrecord-00008-of-01024::1,80,0.1759568707321126,0.9925515201632035,1.0
train,1102,232,bridge_data_v2-train.tfrecord-00009-of-01024::10,0,0.19100948017628044,0.8172641076913542,1.0
train,1102,233,bridge_data_v2-train.tfrecord-00009-of-01024::10,4,0.20289297233371942,0.7638535408616947,1.0
train,1102,234,bridge_data_v2-train.tfrecord-00009-of-01024::10,8,0.19397036924435024,0.9623253064780146,1.0
train,1102,235,bridge_data_v2-train.tfrecord-00009-of-01024::10,12,0.5866252134123816,1.1058556535587893,1.0
train,1102,236,bridge_data_v2-train.tfrecord-00009-of-01024::10,16,0.1992425955465414,1.1377778083160517,1.0
train,1102,237,bridge_data_v2-train.tfrecord-00009-of-01024::10,20,0.24494432432316307,0.9361494805603746,1.0
train,1102,238,bridge_data_v2-train.tfrecord-00009-of-01024::10,24,0.3165190746090031,1.049323995654579,1.0
train,1102,239,bridge_data_v2-train.tfrecord-00009-of-01024::10,28,0.2624344573528886,1.0350730156118575,1.0
train,1102,240,bridge_data_v2-train.tfrecord-00009-of-01024::10,32,0.21631132843446446,0.7779666543409975,1.0
train,1102,241,bridge_data_v2-train.tfrecord-00009-of-01024::10,36,0.580032191218401,1.0217370973887339,1.0
train,1102,242,bridge_data_v2-train.tfrecord-00009-of-01024::10,40,0.31968790578361184,0.8498523131021887,1.0
train,1102,243,bridge_data_v2-train.tfrecord-00009-of-01024::10,44,0.21416830785834515,1.401634851642511,1.0
train,1102,244,bridge_data_v2-train.tfrecord-00009-of-01024::10,48,0.2782044770281717,0.6542257374094711,1.0
train,1102,245,bridge_data_v2-train.tfrecord-00009-of-01024::10,52,0.29941526054052214,0.98795378347871,1.0
train,1102,246,bridge_data_v2-train.tfrecord-00009-of-01024::10,56,0.25707425776639303,1.0246796531358524,1.0
train,1102,247,bridge_data_v2-train.tfrecord-00009-of-01024::10,60,0.5124828697305137,1.3394885781509394,1.0
train,1102,248,bridge_data_v2-train.tfrecord-00009-of-01024::10,64,0.1680387394557073,0.9810726487012901,1.0
train,1102,249,bridge_data_v2-train.tfrecord-00009-of-01024::10,68,0.22985733252823,1.3204718770654522,1.0
train,1102,250,bridge_data_v2-train.tfrecord-00009-of-01024::10,72,0.21117015900261754,0.9767596694625176,1.0
train,1102,251,bridge_data_v2-train.tfrecord-00009-of-01024::10,76,0.1472704886089112,0.9496385908634428,1.0
train,1102,252,bridge_data_v2-train.tfrecord-00009-of-01024::10,80,0.13377312371944813,1.0267960014564053,1.0
train,1102,253,bridge_data_v2-train.tfrecord-00009-of-01024::22,0,0.15612958045057393,0.7808493113810584,1.0
train,1102,254,bridge_data_v2-train.tfrecord-00009-of-01024::22,4,0.21216543333761162,0.5804882348082518,1.0
train,1102,255,bridge_data_v2-train.tfrecord-00009-of-01024::22,8,0.17184841225056546,0.6911612155792238,1.0
train,1102,256,bridge_data_v2-train.tfrecord-00009-of-01024::22,12,0.1574206713069921,0.6703085573031412,1.0
train,1102,257,bridge_data_v2-train.tfrecord-00009-of-01024::22,16,0.15704213330881642,0.618958406824998,1.0
train,1102,258,bridge_data_v2-train.tfrecord-00009-of-01024::22,20,0.15347484230144423,0.7453283961002733,1.0
train,1102,259,bridge_data_v2-train.tfrecord-00009-of-01024::22,24,0.1319736709525109,0.7363524428914674,1.0
train,1102,260,bridge_data_v2-train.tfrecord-00009-of-01024::22,28,0.1817425364524407,0.9379700855145348,1.0
train,1102,261,bridge_data_v2-train.tfrecord-00009-of-01024::22,32,0.20889772720520355,1.065600685770065,1.0
train,1102,262,bridge_data_v2-train.tfrecord-00009-of-01024::22,36,0.22438683579762622,1.554162765066584,1.0
train,1102,263,bridge_data_v2-train.tfrecord-00009-of-01024::22,40,0.14077866718655524,0.8807530490410528,1.0
train,1102,264,bridge_data_v2-train.tfrecord-00009-of-01024::22,44,0.14072439676516463,1.0005040254493003,1.0
train,1102,265,bridge_data_v2-train.tfrecord-00009-of-01024::22,48,0.15674025530627864,1.100192059073556,1.0
train,1102,266,bridge_data_v2-train.tfrecord-00009-of-01024::22,52,0.1712995469706441,0.5026562715513572,1.0
train,1102,267,bridge_data_v2-train.tfrecord-00009-of-01024::22,56,0.1614231164800109,0.6708720624113333,1.0
train,1102,268,bridge_data_v2-train.tfrecord-00009-of-01024::22,60,0.1462694985722905,0.755375859713696,1.0
train,1102,269,bridge_data_v2-train.tfrecord-00009-of-01024::22,64,0.15935803854482855,0.8297116799597105,1.0
train,1102,270,bridge_data_v2-train.tfrecord-00009-of-01024::22,68,0.14897238296377474,1.0434617366752477,1.0
train,1102,271,bridge_data_v2-train.tfrecord-00009-of-01024::22,72,0.15680022854966036,0.4998413827422704,1.0
train,1102,272,bridge_data_v2-train.tfrecord-00009-of-01024::22,76,0.15448368293548773,0.814152172297548,1.0
train,1102,273,bridge_data_v2-train.tfrecord-00009-of-01024::22,80,0.18259727269714243,0.7695088399253835,1.0
train,1102,274,bridge_data_v2-train.tfrecord-00010-of-01024::0,0,0.10969678138108353,0.9801521115133031,1.0
train,1102,275,bridge_data_v2-train.tfrecord-00010-of-01024::0,4,0.08461429010319309,0.8438356520299284,1.0
train,1102,276,bridge_data_v2-train.tfrecord-00010-of-01024::0,8,0.12025561791184658,0.7873967173250078,1.0
train,1102,277,bridge_data_v2-train.tfrecord-00010-of-01024::0,12,0.1804079889154081,0.8639777331238213,1.0
train,1102,278,bridge_data_v2-train.tfrecord-00010-of-01024::0,16,0.2319958357038646,0.654482617075646,1.0
train,1102,279,bridge_data_v2-train.tfrecord-00010-of-01024::0,20,0.22363131333478645,0.5730750902634827,1.0
train,1102,280,bridge_data_v2-train.tfrecord-00010-of-01024::0,24,0.15737162763381934,0.7496868591615111,1.0
train,1102,281,bridge_data_v2-train.tfrecord-00010-of-01024::0,28,0.15637613339976295,0.645748357878303,1.0
train,1102,282,bridge_data_v2-train.tfrecord-00010-of-01024::0,32,0.15713156476569198,0.8667979991957941,1.0
train,1102,283,bridge_data_v2-train.tfrecord-00010-of-01024::0,36,0.2193221168251982,1.114600709634125,1.0
train,1102,284,bridge_data_v2-train.tfrecord-00010-of-01024::0,40,0.2581244246611384,1.793129377801018,1.0
train,1102,285,bridge_data_v2-train.tfrecord-00010-of-01024::0,44,0.2096408303197005,0.747773665862792,1.0
train,1102,286,bridge_data_v2-train.tfrecord-00010-of-01024::0,48,0.15624987217149827,0.6050896433986561,1.0
train,1102,287,bridge_data_v2-train.tfrecord-00010-of-01024::0,52,0.10495161270997858,0.6199509473181173,1.0
train,1102,288,bridge_data_v2-train.tfrecord-00010-of-01024::0,56,0.12278846171059653,0.733746352186067,1.0
train,1102,289,bridge_data_v2-train.tfrecord-00010-of-01024::0,60,0.1984648509846364,1.132511080019864,1.0
train,1102,290,bridge_data_v2-train.tfrecord-00010-of-01024::0,64,0.25688381469381955,1.2660873734094493,1.0
train,1102,291,bridge_data_v2-train.tfrecord-00010-of-01024::0,68,0.24430215522123266,1.1476602239136973,1.0
train,1102,292,bridge_data_v2-train.tfrecord-00010-of-01024::48,0,0.16992959444530098,0.8279131989825853,1.0
train,1102,293,bridge_data_v2-train.tfrecord-00010-of-01024::48,4,0.1719227513047881,0.5751196288454219,1.0
train,1102,294,bridge_data_v2-train.tfrecord-00010-of-01024::48,8,0.19824910298393722,0.6483290754691877,1.0
train,1102,295,bridge_data_v2-train.tfrecord-00010-of-01024::48,12,0.2352721898990689,0.6767230770149828,1.0
train,1102,296,bridge_data_v2-train.tfrecord-00010-of-01024::48,16,0.18423041484996028,0.8466077604313524,1.0
train,1102,297,bridge_data_v2-train.tfrecord-00010-of-01024::48,20,0.1460093643885395,0.6535729964126002,1.0
train,1102,298,bridge_data_v2-train.tfrecord-00010-of-01024::48,24,0.19725018763771215,0.7442325538658929,1.0
train,1102,299,bridge_data_v2-train.tfrecord-00010-of-01024::48,28,0.25936729910952494,1.0000138408380457,1.0
train,1102,300,bridge_data_v2-train.tfrecord-00010-of-01024::48,32,0.28323123839958675,1.4548159671279308,1.0
train,1102,301,bridge_data_v2-train.tfrecord-00010-of-01024::48,36,0.15000966414347383,0.7744877117914302,1.0
train,1102,302,bridge_data_v2-train.tfrecord-00010-of-01024::48,40,0.2427312110948972,0.8166437817800444,1.0
train,1102,303,bridge_data_v2-train.tfrecord-00010-of-01024::48,44,0.2580406851365528,1.0040442463655603,1.0
train,1102,304,bridge_data_v2-train.tfrecord-00010-of-01024::48,48,0.14256913931715992,0.5949708812173681,1.0
train,1102,305,bridge_data_v2-train.tfrecord-00010-of-01024::48,52,0.17538595044612332,1.0793265136679673,1.0
train,1102,306,bridge_data_v2-train.tfrecord-00010-of-01024::48,56,0.17984691343081416,0.8948510733931332,1.0
train,1102,307,bridge_data_v2-train.tfrecord-00010-of-01024::48,60,0.21457152662584447,1.1598478919083532,1.0
train,1102,308,bridge_data_v2-train.tfrecord-00010-of-01024::48,64,0.14652597840353335,0.9062258352162497,1.0
train,1102,309,bridge_data_v2-train.tfrecord-00010-of-01024::48,68,0.2486301302773058,1.1651375410304132,1.0
train,1102,310,bridge_data_v2-train.tfrecord-00010-of-01024::48,72,0.1596440226724578,0.8228687682922107,1.0
train,1102,311,bridge_data_v2-train.tfrecord-00010-of-01024::48,76,0.09973370230842893,0.8328572498673711,1.0
train,1102,312,bridge_data_v2-train.tfrecord-00010-of-01024::48,80,0.13390639341149452,0.7297816843211259,1.0
train,1102,313,bridge_data_v2-train.tfrecord-00011-of-01024::34,0,0.18117022159733887,0.9798449346062247,1.0
train,1102,314,bridge_data_v2-train.tfrecord-00011-of-01024::34,4,0.21333891885393852,0.9711608155843463,1.0
train,1102,315,bridge_data_v2-train.tfrecord-00011-of-01024::34,8,0.17125126224431192,0.870251361549692,1.0
train,1102,316,bridge_data_v2-train.tfrecord-00011-of-01024::34,12,0.22762622953677655,0.8280476593581979,1.0
train,1102,317,bridge_data_v2-train.tfrecord-00011-of-01024::34,16,0.265657034716102,1.0291615481496947,1.0
train,1102,318,bridge_data_v2-train.tfrecord-00011-of-01024::34,20,0.30347865595333423,0.9647403107074051,1.0
train,1102,319,bridge_data_v2-train.tfrecord-00011-of-01024::34,24,0.23009491263360815,0.9108692206549812,1.0
train,1102,320,bridge_data_v2-train.tfrecord-00011-of-01024::34,28,0.20951931177895167,0.9052921858207974,1.0
train,1102,321,bridge_data_v2-train.tfrecord-00011-of-01024::34,32,0.19430824691110887,1.2217077832676924,1.0
train,1102,322,bridge_data_v2-train.tfrecord-00011-of-01024::34,36,0.12960965868507895,0.8987456631655071,1.0
train,1102,323,bridge_data_v2-train.tfrecord-00011-of-01024::34,40,0.20893134622685763,1.5257690135521174,1.0
train,1102,324,bridge_data_v2-train.tfrecord-00011-of-01024::34,44,0.18367329711721275,0.9536977521563919,1.0
train,1102,325,bridge_data_v2-train.tfrecord-00011-of-01024::34,48,0.23447622238453322,0.9665591099374363,1.0
train,1102,326,bridge_data_v2-train.tfrecord-00011-of-01024::34,52,0.23653380242471864,1.4287596725046559,1.0
train,1102,327,bridge_data_v2-train.tfrecord-00011-of-01024::34,56,0.5194296040589645,1.1621986159811495,1.0
train,1102,328,bridge_data_v2-train.tfrecord-00011-of-01024::34,60,0.20975997699859372,0.9821827868415324,1.0
train,1102,329,bridge_data_v2-train.tfrecord-00011-of-01024::34,64,0.15620686887386603,1.295809030588154,1.0
train,1102,330,bridge_data_v2-train.tfrecord-00011-of-01024::34,68,0.21762036732782475,1.5019713248450532,1.0
train,1102,331,bridge_data_v2-train.tfrecord-00011-of-01024::34,72,0.19640531131035338,1.2294060495299712,1.0
train,1102,332,bridge_data_v2-train.tfrecord-00011-of-01024::34,76,0.3351087269568548,1.3036927997331933,1.0
train,1102,333,bridge_data_v2-train.tfrecord-00011-of-01024::41,0,0.13113342272514425,0.863223762180292,1.0
train,1102,334,bridge_data_v2-train.tfrecord-00011-of-01024::41,4,0.1674801590278342,1.0318727708039248,1.0
train,1102,335,bridge_data_v2-train.tfrecord-00011-of-01024::41,8,0.22471826249734578,1.0211068196114557,1.0
train,1102,336,bridge_data_v2-train.tfrecord-00011-of-01024::41,12,0.18146777284646887,0.7668961067617641,1.0
train,1102,337,bridge_data_v2-train.tfrecord-00011-of-01024::41,16,0.1879016225674166,0.7198699006338483,1.0
train,1102,338,bridge_data_v2-train.tfrecord-00011-of-01024::41,20,0.2617922311006562,0.8662613746553458,1.0
train,1102,339,bridge_data_v2-train.tfrecord-00011-of-01024::41,24,0.3641603588234053,0.9717300038661858,1.0
train,1102,340,bridge_data_v2-train.tfrecord-00011-of-01024::41,28,0.19195835299540692,0.5832040881929821,1.0
train,1102,341,bridge_data_v2-train.tfrecord-00011-of-01024::41,32,0.2027316678777296,1.092664886443919,1.0
train,1102,342,bridge_data_v2-train.tfrecord-00011-of-01024::41,36,0.21935471544907673,1.3606998127394008,1.0
train,1102,343,bridge_data_v2-train.tfrecord-00011-of-01024::41,40,0.1791171483812914,0.8099951481626677,1.0
train,1102,344,bridge_data_v2-train.tfrecord-00011-of-01024::41,44,0.25457767339857373,0.872174856246055,1.0
train,1102,345,bridge_data_v2-train.tfrecord-00011-of-01024::41,48,0.20765238090847377,0.9512554434797988,1.0
train,1102,346,bridge_data_v2-train.tfrecord-00011-of-01024::41,52,0.21253444633685453,0.9526618411685841,1.0
train,1102,347,bridge_data_v2-train.tfrecord-00011-of-01024::41,56,0.20622428867331094,0.9957436162392845,1.0
train,1102,348,bridge_data_v2-train.tfrecord-00011-of-01024::41,60,0.11420077228044652,0.8087357083056401,1.0
train,1102,349,bridge_data_v2-train.tfrecord-00011-of-01024::41,64,0.25807521615420237,1.12305891257629,1.0
train,1102,350,bridge_data_v2-train.tfrecord-00012-of-01024::40,0,0.11966147072527128,0.738996840806469,1.0
train,1102,351,bridge_data_v2-train.tfrecord-00012-of-01024::40,4,0.11013332205143783,0.9597339900879908,1.0
train,1102,352,bridge_data_v2-train.tfrecord-00012-of-01024::40,8,0.08976880378987004,0.9770368557037816,1.0
train,1102,353,bridge_data_v2-train.tfrecord-00012-of-01024::40,12,0.08244289692905712,0.9210639274154606,1.0
train,1102,354,bridge_data_v2-train.tfrecord-00012-of-01024::40,16,0.09666961897752947,0.9726008716729664,1.0
train,1102,355,bridge_data_v2-train.tfrecord-00012-of-01024::40,20,0.09820054315851023,1.2740438267629606,1.0
train,1102,356,bridge_data_v2-train.tfrecord-00012-of-01024::40,24,0.10913157143234516,1.1756602819842894,1.0
train,1102,357,bridge_data_v2-train.tfrecord-00012-of-01024::40,28,0.12681788840801092,1.3493711930422565,1.0
train,1102,358,bridge_data_v2-train.tfrecord-00012-of-01024::40,32,0.09836574068826809,0.9809730980895612,1.0
train,1102,359,bridge_data_v2-train.tfrecord-00012-of-01024::40,36,0.1304578116686395,1.1232213505585582,1.0
train,1102,360,bridge_data_v2-train.tfrecord-00012-of-01024::40,40,0.1501033054535859,0.7852452072816218,1.0
train,1102,361,bridge_data_v2-train.tfrecord-00012-of-01024::40,44,0.19068471947843843,1.048211738053935,1.0
train,1102,362,bridge_data_v2-train.tfrecord-00012-of-01024::40,48,0.22232965414114725,1.2019639526041073,1.0
train,1102,363,bridge_data_v2-train.tfrecord-00012-of-01024::40,52,0.15057506829360462,0.9730627172670812,1.0
train,1102,376,bridge_data_v2-train.tfrecord-00013-of-01024::50,0,0.2534886812212205,0.7533148928436406,1.0
train,1102,377,bridge_data_v2-train.tfrecord-00013-of-01024::50,4,0.1744270151551804,0.8782820970453528,1.0
train,1102,378,bridge_data_v2-train.tfrecord-00013-of-01024::50,8,0.14366066446333847,0.9040352151020058,1.0
train,1102,379,bridge_data_v2-train.tfrecord-00013-of-01024::50,12,0.14266556267392128,1.2020232702765967,1.0
train,1102,380,bridge_data_v2-train.tfrecord-00013-of-01024::50,16,0.14033815290847237,0.8890036601059264,1.0
train,1102,381,bridge_data_v2-train.tfrecord-00013-of-01024::50,20,0.14843971598414127,0.7717990769636369,1.0
train,1102,382,bridge_data_v2-train.tfrecord-00013-of-01024::50,24,0.19495266545516127,0.8031004691415675,1.0
train,1102,383,bridge_data_v2-train.tfrecord-00013-of-01024::50,28,0.19333280493722366,1.0049765946827587,1.0
train,1102,384,bridge_data_v2-train.tfrecord-00013-of-01024::50,32,0.19341218231231214,0.7392561297780136,1.0
train,1102,385,bridge_data_v2-train.tfrecord-00014-of-01024::45,0,0.13423638724847095,0.824545885678758,1.0
train,1102,386,bridge_data_v2-train.tfrecord-00014-of-01024::45,4,0.22870626555394732,0.7202685799435063,1.0
train,1102,387,bridge_data_v2-train.tfrecord-00014-of-01024::45,8,0.2718546304547303,0.7765428499558776,1.0
train,1102,388,bridge_data_v2-train.tfrecord-00014-of-01024::45,12,0.2278497590552399,0.8566370208317546,1.0
train,1102,389,bridge_data_v2-train.tfrecord-00014-of-01024::45,16,0.25181139331391217,1.01867304314144,1.0
train,1102,390,bridge_data_v2-train.tfrecord-00014-of-01024::45,20,0.3850600698251877,1.3132983124444668,1.0
train,1102,391,bridge_data_v2-train.tfrecord-00014-of-01024::45,24,0.23739516433388846,0.748776404208259,1.0
train,1102,392,bridge_data_v2-train.tfrecord-00014-of-01024::45,28,0.18327492359055803,0.865954986175878,1.0
train,1102,393,bridge_data_v2-train.tfrecord-00014-of-01024::45,32,0.2416414211217267,1.2741976263842445,1.0
train,1102,394,bridge_data_v2-train.tfrecord-00014-of-01024::45,36,0.43939114865352147,1.173454182213708,1.0
train,1102,395,bridge_data_v2-train.tfrecord-00014-of-01024::45,40,0.2529268780221342,0.8732234549041233,1.0
train,1102,396,bridge_data_v2-train.tfrecord-00014-of-01024::45,44,0.2545702490736993,0.7407276963847502,1.0
train,1102,397,bridge_data_v2-train.tfrecord-00014-of-01024::45,48,0.2883364721333317,0.694476548420699,1.0
train,1102,398,bridge_data_v2-train.tfrecord-00014-of-01024::45,52,0.2589032478365446,0.6759857325676326,1.0
train,1102,399,bridge_data_v2-train.tfrecord-00014-of-01024::45,56,0.291696208988671,1.0752005642364513,1.0
train,1102,400,bridge_data_v2-train.tfrecord-00014-of-01024::45,60,0.19360533324093093,1.0690965554801481,1.0
train,1102,401,bridge_data_v2-train.tfrecord-00014-of-01024::45,64,0.2608866449910545,1.6224287874532566,1.0
train,1102,402,bridge_data_v2-train.tfrecord-00014-of-01024::45,68,0.20243014347212446,1.1255465778169074,1.0
train,1102,403,bridge_data_v2-train.tfrecord-00014-of-01024::45,72,0.20117055355785887,1.1426999963969595,1.0
train,1102,404,bridge_data_v2-train.tfrecord-00014-of-01024::45,76,0.18736284995296104,1.1629386063246632,1.0
train,1102,405,bridge_data_v2-train.tfrecord-00014-of-01024::45,80,0.2060525569558513,1.087823432487426,1.0
train,1103,7,bridge_data_v2-train.tfrecord-00001-of-01024::29,0,0.2247430393295875,1.1286383847485977,1.0
train,1103,8,bridge_data_v2-train.tfrecord-00001-of-01024::29,4,0.15613258236165783,0.9429772475535156,1.0
train,1103,9,bridge_data_v2-train.tfrecord-00001-of-01024::29,8,0.21979965770317175,0.4815857330330267,1.0
train,1103,10,bridge_data_v2-train.tfrecord-00001-of-01024::29,12,0.15978909139930758,0.6893453238031346,1.0
train,1103,11,bridge_data_v2-train.tfrecord-00001-of-01024::29,16,0.19738922701319225,0.8618161380943989,1.0
train,1103,12,bridge_data_v2-train.tfrecord-00001-of-01024::29,20,0.17932363586539035,1.1181461232148269,1.0
train,1103,13,bridge_data_v2-train.tfrecord-00001-of-01024::29,24,0.22691840199762703,1.2626427959653261,1.0
train,1103,14,bridge_data_v2-train.tfrecord-00001-of-01024::29,28,0.17194995971537372,0.9951410727108958,1.0
train,1103,15,bridge_data_v2-train.tfrecord-00001-of-01024::29,32,0.15950879065882478,1.0859328315036287,1.0
train,1103,16,bridge_data_v2-train.tfrecord-00001-of-01024::29,36,0.3802217498143716,0.8605304485265595,1.0
train,1103,17,bridge_data_v2-train.tfrecord-00001-of-01024::29,40,0.29458014241166325,0.7843090048760355,1.0
train,1103,18,bridge_data_v2-train.tfrecord-00001-of-01024::29,44,0.212356883017487,0.714215713986953,1.0
train,1103,19,bridge_data_v2-train.tfrecord-00001-of-01024::29,48,0.16708032728723649,0.6432535093813381,1.0
train,1103,20,bridge_data_v2-train.tfrecord-00001-of-01024::29,52,0.1848873457718946,0.6174798661164752,1.0
train,1103,21,bridge_data_v2-train.tfrecord-00001-of-01024::29,56,0.20404248394079375,0.965536273557889,1.0
train,1103,22,bridge_data_v2-train.tfrecord-00001-of-01024::29,60,0.14746927640936047,0.8390204565788202,1.0
train,1103,23,bridge_data_v2-train.tfrecord-00001-of-01024::29,64,0.17815252472986837,1.0059737895222294,1.0
train,1103,24,bridge_data_v2-train.tfrecord-00001-of-01024::29,68,0.23218262404460696,0.8796462889317509,1.0
train,1103,25,bridge_data_v2-train.tfrecord-00002-of-01024::22,0,0.17146176423513615,0.8827532246086731,1.0
train,1103,26,bridge_data_v2-train.tfrecord-00002-of-01024::22,4,0.1566592480018177,0.8825226097642402,1.0
train,1103,27,bridge_data_v2-train.tfrecord-00002-of-01024::22,8,0.173501213074072,0.8358564787777355,1.0
train,1103,28,bridge_data_v2-train.tfrecord-00002-of-01024::22,12,0.18794594035817835,0.6912469336457838,1.0
train,1103,29,bridge_data_v2-train.tfrecord-00002-of-01024::22,16,0.25308633857622415,0.5527738524424244,1.0
train,1103,30,bridge_data_v2-train.tfrecord-00002-of-01024::22,20,0.1761547742423061,0.7512278304492043,1.0
train,1103,31,bridge_data_v2-train.tfrecord-00002-of-01024::22,24,0.1402916803609534,0.7864662479935021,1.0
train,1103,32,bridge_data_v2-train.tfrecord-00002-of-01024::22,28,0.25685927026490263,1.0715698081334115,1.0
train,1103,33,bridge_data_v2-train.tfrecord-00002-of-01024::22,32,0.2676972371279246,1.353190818196243,1.0
train,1103,34,bridge_data_v2-train.tfrecord-00002-of-01024::22,36,0.24849539534049833,1.7201714942555182,1.0
train,1103,35,bridge_data_v2-train.tfrecord-00002-of-01024::22,40,0.15210394134882013,0.9187078006759344,1.0
train,1103,36,bridge_data_v2-train.tfrecord-00002-of-01024::22,44,0.18932588199977174,0.8366483343646982,1.0
train,1103,37,bridge_data_v2-train.tfrecord-00002-of-01024::22,48,0.13593159119423054,0.7967852162113619,1.0
train,1103,38,bridge_data_v2-train.tfrecord-00002-of-01024::22,52,0.13076440343924425,0.7179926232880185,1.0
train,1103,39,bridge_data_v2-train.tfrecord-00002-of-01024::22,56,0.16894843520782826,0.9481588676639852,1.0
train,1103,40,bridge_data_v2-train.tfrecord-00002-of-01024::22,60,0.18676222425990263,1.0304721160979367,1.0
train,1103,41,bridge_data_v2-train.tfrecord-00002-of-01024::22,64,0.29112337190649407,1.287861268914329,1.0
train,1103,42,bridge_data_v2-train.tfrecord-00002-of-01024::22,68,0.15406939419206134,0.9392205339902473,1.0
train,1103,43,bridge_data_v2-train.tfrecord-00002-of-01024::22,72,0.15833001370387778,0.8617267751379455,1.0
train,1103,44,bridge_data_v2-train.tfrecord-00002-of-01024::22,76,0.15885778283484475,1.2687707057731297,1.0
train,1103,45,bridge_data_v2-train.tfrecord-00002-of-01024::22,80,0.19349346379582272,1.2194054535592924,1.0
train,1103,84,bridge_data_v2-train.tfrecord-00003-of-01024::38,0,0.18108618734020288,0.9966896904974787,1.0
train,1103,85,bridge_data_v2-train.tfrecord-00003-of-01024::38,4,0.15064791343270656,0.9934443066917735,1.0
train,1103,86,bridge_data_v2-train.tfrecord-00003-of-01024::38,8,0.1810137186799926,1.0471013502173143,1.0
train,1103,87,bridge_data_v2-train.tfrecord-00003-of-01024::38,12,0.24991472237024528,0.8491554655075675,1.0
train,1103,88,bridge_data_v2-train.tfrecord-00003-of-01024::38,16,0.20953692112607664,0.7531395902202944,1.0
train,1103,89,bridge_data_v2-train.tfrecord-00003-of-01024::38,20,0.23308110390000536,0.8950961940861517,1.0
train,1103,90,bridge_data_v2-train.tfrecord-00003-of-01024::38,24,0.5001973662369092,0.9112317288729883,1.0
train,1103,91,bridge_data_v2-train.tfrecord-00003-of-01024::38,28,0.22869327114951313,0.9495424612585258,1.0
train,1103,92,bridge_data_v2-train.tfrecord-00003-of-01024::38,32,0.1444571116045687,1.0144407627947207,1.0
train,1103,93,bridge_data_v2-train.tfrecord-00003-of-01024::38,36,0.2658994123256171,0.867950660192564,1.0
train,1103,94,bridge_data_v2-train.tfrecord-00003-of-01024::38,40,0.30178888452538977,1.001345038988841,1.0
train,1103,95,bridge_data_v2-train.tfrecord-00003-of-01024::38,44,0.32134903290794925,0.9206959295661387,1.0
train,1103,96,bridge_data_v2-train.tfrecord-00003-of-01024::38,48,0.24536657105484305,0.748659077840782,1.0
train,1103,97,bridge_data_v2-train.tfrecord-00003-of-01024::38,52,0.27649723593524367,1.161804780336047,1.0
train,1103,98,bridge_data_v2-train.tfrecord-00003-of-01024::38,56,0.19686808547259527,1.0239565934424024,1.0
train,1103,99,bridge_data_v2-train.tfrecord-00003-of-01024::38,60,0.18485112843048918,0.8830947924584667,1.0
train,1103,100,bridge_data_v2-train.tfrecord-00003-of-01024::38,64,0.22198268632685852,1.0090490747794187,1.0
train,1103,101,bridge_data_v2-train.tfrecord-00003-of-01024::38,68,0.278310235060798,1.0829235491891152,1.0
train,1103,102,bridge_data_v2-train.tfrecord-00003-of-01024::38,72,0.3240681170642256,1.046904313985842,1.0
train,1103,103,bridge_data_v2-train.tfrecord-00003-of-01024::38,76,0.2430648619553675,0.6072387100299381,1.0
train,1103,104,bridge_data_v2-train.tfrecord-00003-of-01024::38,80,0.278720921525648,1.5662175424584963,1.0
train,1103,105,bridge_data_v2-train.tfrecord-00004-of-01024::57,0,0.17991148507061833,0.7212820798544161,1.0
train,1103,106,bridge_data_v2-train.tfrecord-00004-of-01024::57,4,0.22342753000275328,0.5742436827899384,1.0
train,1103,107,bridge_data_v2-train.tfrecord-00004-of-01024::57,8,0.1746142451047367,0.8581128252269763,1.0
train,1103,108,bridge_data_v2-train.tfrecord-00004-of-01024::57,12,0.19925815961856572,0.9270238826910578,1.0
train,1103,109,bridge_data_v2-train.tfrecord-00004-of-01024::57,16,0.19447699617353942,1.3396552741480319,1.0
train,1103,110,bridge_data_v2-train.tfrecord-00004-of-01024::57,20,0.2004502037613746,1.3822728330764626,1.0
train,1103,111,bridge_data_v2-train.tfrecord-00004-of-01024::57,24,0.14578032011557765,1.5905011047430957,1.0
train,1103,112,bridge_data_v2-train.tfrecord-00004-of-01024::57,28,0.19981691929470635,0.6651461034740549,1.0
train,1103,113,bridge_data_v2-train.tfrecord-00004-of-01024::57,32,0.13775315790905626,1.1301776537233432,1.0
train,1103,114,bridge_data_v2-train.tfrecord-00004-of-01024::57,36,0.2307123150910847,1.9715783279887074,1.0
train,1103,115,bridge_data_v2-train.tfrecord-00004-of-01024::57,40,0.23596258518839108,1.4067378871130072,1.0
train,1103,116,bridge_data_v2-train.tfrecord-00004-of-01024::57,44,0.2669801011334314,0.9133235641403694,1.0
train,1103,117,bridge_data_v2-train.tfrecord-00004-of-01024::57,48,0.170291777245042,1.1252120484355321,1.0
train,1103,118,bridge_data_v2-train.tfrecord-00004-of-01024::57,52,0.14209862439144127,0.9014063418329741,1.0
train,1103,119,bridge_data_v2-train.tfrecord-00004-of-01024::57,56,0.14654937182600242,0.6871123341334486,1.0
train,1103,120,bridge_data_v2-train.tfrecord-00004-of-01024::57,60,0.23439385971939655,0.7361474412004789,1.0
train,1103,121,bridge_data_v2-train.tfrecord-00004-of-01024::57,64,0.25231970748121046,1.3091022841155726,1.0
train,1103,122,bridge_data_v2-train.tfrecord-00004-of-01024::57,68,0.12307861733203858,0.7620608770341226,1.0
train,1103,123,bridge_data_v2-train.tfrecord-00004-of-01024::57,72,0.1840208304005687,1.1806740212360065,1.0
train,1103,157,bridge_data_v2-train.tfrecord-00005-of-01024::39,0,0.13462790609661032,0.8717084326123374,1.0
train,1103,158,bridge_data_v2-train.tfrecord-00005-of-01024::39,4,0.10032192284602638,0.6861790922529687,1.0
train,1103,159,bridge_data_v2-train.tfrecord-00005-of-01024::39,8,0.13753422280593838,0.7066254471046127,1.0
train,1103,160,bridge_data_v2-train.tfrecord-00005-of-01024::39,12,0.1436672918445952,0.6797458474534748,1.0
train,1103,161,bridge_data_v2-train.tfrecord-00005-of-01024::39,16,0.27050478688313884,0.6042804687966136,1.0
train,1103,162,bridge_data_v2-train.tfrecord-00005-of-01024::39,20,0.2211405939508769,0.7010264749357171,1.0
train,1103,163,bridge_data_v2-train.tfrecord-00005-of-01024::39,24,0.20366663386616718,0.9091982654508288,1.0
train,1103,164,bridge_data_v2-train.tfrecord-00005-of-01024::39,28,0.38713325396933196,1.1175506324667235,1.0
train,1103,165,bridge_data_v2-train.tfrecord-00005-of-01024::39,32,0.2992067022668863,1.0402871443389061,1.0
train,1103,166,bridge_data_v2-train.tfrecord-00005-of-01024::39,36,0.17648849725367266,1.1365867316505023,1.0
train,1103,167,bridge_data_v2-train.tfrecord-00005-of-01024::39,40,0.22085952496403588,0.9549261471127611,1.0
train,1103,168,bridge_data_v2-train.tfrecord-00005-of-01024::39,44,0.2404731679044397,0.9921834288096089,1.0
train,1103,169,bridge_data_v2-train.tfrecord-00005-of-01024::39,48,0.2842390060472023,1.0714040901938668,1.0
train,1103,170,bridge_data_v2-train.tfrecord-00005-of-01024::39,52,0.1871895214555095,0.7901059170217768,1.0
train,1103,171,bridge_data_v2-train.tfrecord-00005-of-01024::39,56,0.17861363395315855,1.0101082313887093,1.0
train,1103,172,bridge_data_v2-train.tfrecord-00005-of-01024::39,60,0.2974497710952724,1.2555898067140498,1.0
train,1103,173,bridge_data_v2-train.tfrecord-00005-of-01024::39,64,0.3678274407427456,1.131009218334063,1.0
train,1103,174,bridge_data_v2-train.tfrecord-00006-of-01024::25,0,0.1432718751237212,1.0329248683293017,1.0
train,1103,175,bridge_data_v2-train.tfrecord-00006-of-01024::25,4,0.20032988263256157,1.0646255041676977,1.0
train,1103,176,bridge_data_v2-train.tfrecord-00006-of-01024::25,8,0.22191641305761894,1.0234606558831532,1.0
train,1103,177,bridge_data_v2-train.tfrecord-00006-of-01024::25,12,0.24546431166300609,1.1648553564349147,1.0
train,1103,178,bridge_data_v2-train.tfrecord-00006-of-01024::25,16,0.14472470531434212,0.473690257992995,1.0
train,1103,179,bridge_data_v2-train.tfrecord-00006-of-01024::25,20,0.1316453787468267,0.9583206844200032,1.0
train,1103,180,bridge_data_v2-train.tfrecord-00006-of-01024::25,24,0.11486526411097507,1.156559119702584,1.0
train,1103,181,bridge_data_v2-train.tfrecord-00006-of-01024::25,28,0.09719277597618325,1.0020066399819674,1.0
train,1103,182,bridge_data_v2-train.tfrecord-00006-of-01024::25,32,0.09405217445856559,0.4939533226061263,1.0
train,1103,183,bridge_data_v2-train.tfrecord-00006-of-01024::25,36,0.10079125296245117,0.5575127286249544,1.0
train,1103,184,bridge_data_v2-train.tfrecord-00006-of-01024::25,40,0.12744676370862412,0.7364948428987275,1.0
train,1103,185,bridge_data_v2-train.tfrecord-00006-of-01024::25,44,0.19078216975725643,0.760904008293168,1.0
train,1103,186,bridge_data_v2-train.tfrecord-00006-of-01024::25,48,0.21231306948189418,0.8570778210476311,1.0
train,1103,187,bridge_data_v2-train.tfrecord-00006-of-01024::25,52,0.10085513107343622,0.9829010624832322,1.0
train,1103,188,bridge_data_v2-train.tfrecord-00006-of-01024::25,56,0.1095809788484058,0.6890933194473866,1.0
train,1103,189,bridge_data_v2-train.tfrecord-00006-of-01024::25,60,0.13654447835735053,1.0875034407175057,1.0
train,1103,190,bridge_data_v2-train.tfrecord-00006-of-01024::35,0,0.26908089392858275,1.049670573860323,1.0
train,1103,191,bridge_data_v2-train.tfrecord-00006-of-01024::35,4,0.3832506500848281,0.7251460611637077,1.0
train,1103,192,bridge_data_v2-train.tfrecord-00006-of-01024::35,8,0.2583451533942283,0.8931657637356419,1.0
train,1103,193,bridge_data_v2-train.tfrecord-00006-of-01024::35,12,0.3519917668000961,0.7765220150679746,1.0
train,1103,194,bridge_data_v2-train.tfrecord-00006-of-01024::35,16,0.24420036004118856,0.829574620424703,1.0
train,1103,195,bridge_data_v2-train.tfrecord-00006-of-01024::35,20,0.19702821330684683,1.2060669902210128,1.0
train,1103,196,bridge_data_v2-train.tfrecord-00006-of-01024::35,24,0.3130639405613306,1.0245187808590595,1.0
train,1103,197,bridge_data_v2-train.tfrecord-00006-of-01024::35,28,0.17046081059327706,0.5939118956153885,1.0
train,1103,198,bridge_data_v2-train.tfrecord-00006-of-01024::35,32,0.22622777787676157,1.1663019915628041,1.0
train,1103,199,bridge_data_v2-train.tfrecord-00006-of-01024::35,36,0.21187911932072945,1.1565831144744996,1.0
train,1103,200,bridge_data_v2-train.tfrecord-00006-of-01024::35,40,0.23259036460467633,1.4404484511803175,1.0
train,1103,201,bridge_data_v2-train.tfrecord-00006-of-01024::35,44,0.3906602054400703,0.7602926141240112,1.0
train,1103,202,bridge_data_v2-train.tfrecord-00006-of-01024::35,48,0.4226643882269704,0.9075700479457742,1.0
train,1103,203,bridge_data_v2-train.tfrecord-00006-of-01024::35,52,0.3036260148725116,1.0385832728554232,1.0
train,1103,204,bridge_data_v2-train.tfrecord-00006-of-01024::35,56,0.20492935039806673,0.7432880920047458,1.0
train,1103,205,bridge_data_v2-train.tfrecord-00006-of-01024::35,60,0.4014604194578739,1.2034273817541663,1.0
train,1103,206,bridge_data_v2-train.tfrecord-00006-of-01024::35,64,0.29032485160528376,0.9323616212886994,1.0
train,1103,207,bridge_data_v2-train.tfrecord-00006-of-01024::35,68,0.2371076028410398,0.8848221623666049,1.0
train,1103,208,bridge_data_v2-train.tfrecord-00006-of-01024::35,72,0.23566181626296542,1.243042043199301,1.0
train,1103,209,bridge_data_v2-train.tfrecord-00006-of-01024::35,76,0.23400379324851592,0.9336126726257373,1.0
train,1103,210,bridge_data_v2-train.tfrecord-00006-of-01024::35,80,0.19915976621894987,0.5959811306018346,1.0
train,1103,211,bridge_data_v2-train.tfrecord-00008-of-01024::1,0,0.22016738656355755,1.067375284567361,1.0
train,1103,212,bridge_data_v2-train.tfrecord-00008-of-01024::1,4,0.21291708606333215,1.0219774657435927,1.0
train,1103,213,bridge_data_v2-train.tfrecord-00008-of-01024::1,8,0.22675661520536028,0.7635809745567266,1.0
train,1103,214,bridge_data_v2-train.tfrecord-00008-of-01024::1,12,0.2680256796751362,0.8601442803539235,1.0
train,1103,215,bridge_data_v2-train.tfrecord-00008-of-01024::1,16,0.18654778624105967,0.7971803616268962,1.0
train,1103,216,bridge_data_v2-train.tfrecord-00008-of-01024::1,20,0.2178515727331751,0.8155287312305384,1.0
train,1103,217,bridge_data_v2-train.tfrecord-00008-of-01024::1,24,0.2963287331363345,1.418915416700832,1.0
train,1103,218,bridge_data_v2-train.tfrecord-00008-of-01024::1,28,0.15990815197787833,1.3275541385492233,1.0
train,1103,219,bridge_data_v2-train.tfrecord-00008-of-01024::1,32,0.26606324933909997,1.25525214365569,1.0
train,1103,220,bridge_data_v2-train.tfrecord-00008-of-01024::1,36,0.18936499200166435,1.0447351392099957,1.0
train,1103,221,bridge_data_v2-train.tfrecord-00008-of-01024::1,40,0.3110848005264177,1.160189695691285,1.0
train,1103,222,bridge_data_v2-train.tfrecord-00008-of-01024::1,44,0.26728560500331644,0.9879070687218223,1.0
train,1103,223,bridge_data_v2-train.tfrecord-00008-of-01024::1,48,0.2590454972401648,1.4261550238058545,1.0
train,1103,224,bridge_data_v2-train.tfrecord-00008-of-01024::1,52,0.18657643696185922,1.1384817744560825,1.0
train,1103,225,bridge_data_v2-train.tfrecord-00008-of-01024::1,56,0.21656624949314907,0.4920474067534248,1.0
train,1103,226,bridge_data_v2-train.tfrecord-00008-of-01024::1,60,0.18834581590308988,0.640889653237925,1.0
train,1103,227,bridge_data_v2-train.tfrecord-00008-of-01024::1,64,0.2721438413088082,0.9751221529225604,1.0
train,1103,228,bridge_data_v2-train.tfrecord-00008-of-01024::1,68,0.30425289901316965,0.8133688159657398,1.0
train,1103,229,bridge_data_v2-train.tfrecord-00008-of-01024::1,72,0.2059943182099896,1.326077878570438,1.0
train,1103,230,bridge_data_v2-train.tfrecord-00008-of-01024::1,76,0.16048924456316738,0.8939832511228061,1.0
train,1103,231,bridge_data_v2-train.tfrecord-00008-of-01024::1,80,0.176342160348665,0.9911171388373861,1.0
train,1103,232,bridge_data_v2-train.tfrecord-00009-of-01024::10,0,0.19086139895061077,0.8172297066392112,1.0
train,1103,233,bridge_data_v2-train.tfrecord-00009-of-01024::10,4,0.2021811645654247,0.7646643506245324,1.0
train,1103,234,bridge_data_v2-train.tfrecord-00009-of-01024::10,8,0.19405344123968482,0.963273713689458,1.0
train,1103,235,bridge_data_v2-train.tfrecord-00009-of-01024::10,12,0.5867924940269131,1.1075823907471574,1.0
train,1103,236,bridge_data_v2-train.tfrecord-00009-of-01024::10,16,0.1994777414454018,1.1361921773722115,1.0
train,1103,237,bridge_data_v2-train.tfrecord-00009-of-01024::10,20,0.24459078737739914,0.9322759315854228,1.0
train,1103,238,bridge_data_v2-train.tfrecord-00009-of-01024::10,24,0.3181399690167237,1.0522227714220607,1.0
train,1103,239,bridge_data_v2-train.tfrecord-00009-of-01024::10,28,0.26264090673711293,1.0370572490854468,1.0
train,1103,240,bridge_data_v2-train.tfrecord-00009-of-01024::10,32,0.21561464369273176,0.7771894155844615,1.0
train,1103,241,bridge_data_v2-train.tfrecord-00009-of-01024::10,36,0.5798741997885688,1.0235483252907798,1.0
train,1103,242,bridge_data_v2-train.tfrecord-00009-of-01024::10,40,0.31935114383067975,0.8527840887470204,1.0
train,1103,243,bridge_data_v2-train.tfrecord-00009-of-01024::10,44,0.2141548485213732,1.3992124840183449,1.0
train,1103,244,bridge_data_v2-train.tfrecord-00009-of-01024::10,48,0.2785948699081984,0.6542043003662567,1.0
train,1103,245,bridge_data_v2-train.tfrecord-00009-of-01024::10,52,0.30008318482981694,0.9862380483081222,1.0
train,1103,246,bridge_data_v2-train.tfrecord-00009-of-01024::10,56,0.25656417620303945,1.021506562178005,1.0
train,1103,247,bridge_data_v2-train.tfrecord-00009-of-01024::10,60,0.5118823546453444,1.340979737055369,1.0
train,1103,248,bridge_data_v2-train.tfrecord-00009-of-01024::10,64,0.1681458289830554,0.9798706813183726,1.0
train,1103,249,bridge_data_v2-train.tfrecord-00009-of-01024::10,68,0.2299496915421946,1.3223064964653888,1.0
train,1103,250,bridge_data_v2-train.tfrecord-00009-of-01024::10,72,0.2106079392487441,0.9802091462480625,1.0
train,1103,251,bridge_data_v2-train.tfrecord-00009-of-01024::10,76,0.1465117663468709,0.9524602494995276,1.0
train,1103,252,bridge_data_v2-train.tfrecord-00009-of-01024::10,80,0.13358894490349052,1.0299348320058352,1.0
train,1103,253,bridge_data_v2-train.tfrecord-00009-of-01024::22,0,0.15579283889567586,0.7802914080247585,1.0
train,1103,254,bridge_data_v2-train.tfrecord-00009-of-01024::22,4,0.2125812186346142,0.5825481393580333,1.0
train,1103,255,bridge_data_v2-train.tfrecord-00009-of-01024::22,8,0.1712435657149396,0.693798719379193,1.0
train,1103,256,bridge_data_v2-train.tfrecord-00009-of-01024::22,12,0.15774802111210226,0.6752820512240862,1.0
train,1103,257,bridge_data_v2-train.tfrecord-00009-of-01024::22,16,0.15705979373199735,0.6191498869496317,1.0
train,1103,258,bridge_data_v2-train.tfrecord-00009-of-01024::22,20,0.15358730653033342,0.7472513297546649,1.0
train,1103,259,bridge_data_v2-train.tfrecord-00009-of-01024::22,24,0.1328821821691912,0.7352174291863082,1.0
train,1103,260,bridge_data_v2-train.tfrecord-00009-of-01024::22,28,0.18176558710414797,0.9348277791698125,1.0
train,1103,261,bridge_data_v2-train.tfrecord-00009-of-01024::22,32,0.20885442222502448,1.0676114411882316,1.0
train,1103,262,bridge_data_v2-train.tfrecord-00009-of-01024::22,36,0.22467782357377458,1.5623506079048841,1.0
train,1103,263,bridge_data_v2-train.tfrecord-00009-of-01024::22,40,0.1414521386800625,0.8819669671566323,1.0
train,1103,264,bridge_data_v2-train.tfrecord-00009-of-01024::22,44,0.140531030412894,1.0048825474589858,1.0
train,1103,265,bridge_data_v2-train.tfrecord-00009-of-01024::22,48,0.15640011819490662,1.098749646026754,1.0
train,1103,266,bridge_data_v2-train.tfrecord-00009-of-01024::22,52,0.17066356403202843,0.5034555280258554,1.0
train,1103,267,bridge_data_v2-train.tfrecord-00009-of-01024::22,56,0.16134364870805945,0.6709489592150613,1.0
train,1103,268,bridge_data_v2-train.tfrecord-00009-of-01024::22,60,0.14643453258825895,0.7534096531340249,1.0
train,1103,269,bridge_data_v2-train.tfrecord-00009-of-01024::22,64,0.1597819439979847,0.8232221017025632,1.0
train,1103,270,bridge_data_v2-train.tfrecord-00009-of-01024::22,68,0.14876082980309027,1.042279797419269,1.0
train,1103,271,bridge_data_v2-train.tfrecord-00009-of-01024::22,72,0.1569055875242526,0.4982666318325441,1.0
train,1103,272,bridge_data_v2-train.tfrecord-00009-of-01024::22,76,0.1545080242120378,0.815159400197778,1.0
train,1103,273,bridge_data_v2-train.tfrecord-00009-of-01024::22,80,0.1823916245947984,0.7724027869475136,1.0
train,1103,274,bridge_data_v2-train.tfrecord-00010-of-01024::0,0,0.1096613521988575,0.9817531748746241,1.0
train,1103,275,bridge_data_v2-train.tfrecord-00010-of-01024::0,4,0.08434696228544478,0.8437163892247441,1.0
train,1103,276,bridge_data_v2-train.tfrecord-00010-of-01024::0,8,0.12050419994963656,0.78847961641973,1.0
train,1103,277,bridge_data_v2-train.tfrecord-00010-of-01024::0,12,0.18058585757723206,0.8639925694263584,1.0
train,1103,278,bridge_data_v2-train.tfrecord-00010-of-01024::0,16,0.23210881794291408,0.6578076094687931,1.0
train,1103,279,bridge_data_v2-train.tfrecord-00010-of-01024::0,20,0.2235661311953149,0.5729857252593745,1.0
train,1103,280,bridge_data_v2-train.tfrecord-00010-of-01024::0,24,0.15722235013886532,0.7483660122994104,1.0
train,1103,281,bridge_data_v2-train.tfrecord-00010-of-01024::0,28,0.15588100847927927,0.6437848021892851,1.0
train,1103,282,bridge_data_v2-train.tfrecord-00010-of-01024::0,32,0.1579149073801511,0.8655818024004348,1.0
train,1103,283,bridge_data_v2-train.tfrecord-00010-of-01024::0,36,0.21856608385444212,1.1165365648872334,1.0
train,1103,284,bridge_data_v2-train.tfrecord-00010-of-01024::0,40,0.25872789126063006,1.7889919671593328,1.0
train,1103,285,bridge_data_v2-train.tfrecord-00010-of-01024::0,44,0.20973654098964145,0.7518112249309645,1.0
train,1103,286,bridge_data_v2-train.tfrecord-00010-of-01024::0,48,0.15625420879013283,0.6043410155045547,1.0
train,1103,287,bridge_data_v2-train.tfrecord-00010-of-01024::0,52,0.10494385798133457,0.6195154895602994,1.0
train,1103,288,bridge_data_v2-train.tfrecord-00010-of-01024::0,56,0.12298315404810947,0.7323344229308983,1.0
train,1103,289,bridge_data_v2-train.tfrecord-00010-of-01024::0,60,0.19897997532216302,1.1348758227295361,1.0
train,1103,290,bridge_data_v2-train.tfrecord-00010-of-01024::0,64,0.2570749503847937,1.2696584259742771,1.0
train,1103,291,bridge_data_v2-train.tfrecord-00010-of-01024::0,68,0.2449716321326031,1.1450938328161104,1.0
train,1103,292,bridge_data_v2-train.tfrecord-00010-of-01024::48,0,0.17049975991346428,0.8317988825493023,1.0
train,1103,293,bridge_data_v2-train.tfrecord-00010-of-01024::48,4,0.17140266126394627,0.5774047890679865,1.0
train,1103,294,bridge_data_v2-train.tfrecord-00010-of-01024::48,8,0.19750566181420098,0.6494322405899497,1.0
train,1103,295,bridge_data_v2-train.tfrecord-00010-of-01024::48,12,0.23539922893574003,0.6732748242895701,1.0
train,1103,296,bridge_data_v2-train.tfrecord-00010-of-01024::48,16,0.18461376423574086,0.8505448047628728,1.0
train,1103,297,bridge_data_v2-train.tfrecord-00010-of-01024::48,20,0.1456889706832285,0.6489756967858953,1.0
train,1103,298,bridge_data_v2-train.tfrecord-00010-of-01024::48,24,0.1977539980368802,0.744906335554228,1.0
train,1103,299,bridge_data_v2-train.tfrecord-00010-of-01024::48,28,0.258994157481943,0.9980945615604426,1.0
train,1103,300,bridge_data_v2-train.tfrecord-00010-of-01024::48,32,0.28206764198598233,1.4516653819549026,1.0
train,1103,301,bridge_data_v2-train.tfrecord-00010-of-01024::48,36,0.1505402420027218,0.7785896651927636,1.0
train,1103,302,bridge_data_v2-train.tfrecord-00010-of-01024::48,40,0.24360887880434356,0.8171513291420243,1.0
train,1103,303,bridge_data_v2-train.tfrecord-00010-of-01024::48,44,0.25881770263487325,1.0017066222088964,1.0
train,1103,304,bridge_data_v2-train.tfrecord-00010-of-01024::48,48,0.14276134171503374,0.5936319524992922,1.0
train,1103,305,bridge_data_v2-train.tfrecord-00010-of-01024::48,52,0.17510290985573806,1.0808367093379265,1.0
train,1103,306,bridge_data_v2-train.tfrecord-00010-of-01024::48,56,0.18013451160594945,0.8955047896194146,1.0
train,1103,307,bridge_data_v2-train.tfrecord-00010-of-01024::48,60,0.21424860224849704,1.1629383931064543,1.0
train,1103,308,bridge_data_v2-train.tfrecord-00010-of-01024::48,64,0.147060691748895,0.9091482849302915,1.0
train,1103,309,bridge_data_v2-train.tfrecord-00010-of-01024::48,68,0.24824429450414318,1.1675592329299758,1.0
train,1103,310,bridge_data_v2-train.tfrecord-00010-of-01024::48,72,0.16009148776092513,0.8280252272914845,1.0
train,1103,311,bridge_data_v2-train.tfrecord-00010-of-01024::48,76,0.09994688427613314,0.8266012810407857,1.0
train,1103,312,bridge_data_v2-train.tfrecord-00010-of-01024::48,80,0.13411908268689227,0.7274670310522529,1.0
train,1103,313,bridge_data_v2-train.tfrecord-00011-of-01024::34,0,0.1816072253162485,0.9793081775244132,1.0
train,1103,314,bridge_data_v2-train.tfrecord-00011-of-01024::34,4,0.21393116108765958,0.9658245611847689,1.0
train,1103,315,bridge_data_v2-train.tfrecord-00011-of-01024::34,8,0.17117687204242388,0.8714207618471572,1.0
train,1103,316,bridge_data_v2-train.tfrecord-00011-of-01024::34,12,0.22788111797742933,0.8289819109330692,1.0
train,1103,317,bridge_data_v2-train.tfrecord-00011-of-01024::34,16,0.26559023267726295,1.029295033957866,1.0
train,1103,318,bridge_data_v2-train.tfrecord-00011-of-01024::34,20,0.3039491768782601,0.9619832354595714,1.0
train,1103,319,bridge_data_v2-train.tfrecord-00011-of-01024::34,24,0.22938374956404367,0.9086132328691782,1.0
train,1103,320,bridge_data_v2-train.tfrecord-00011-of-01024::34,28,0.20988847492630106,0.9061108542801938,1.0
train,1103,321,bridge_data_v2-train.tfrecord-00011-of-01024::34,32,0.1946632447021711,1.2250690622185556,1.0
train,1103,322,bridge_data_v2-train.tfrecord-00011-of-01024::34,36,0.12835618645289967,0.8951716070021822,1.0
train,1103,323,bridge_data_v2-train.tfrecord-00011-of-01024::34,40,0.20963874737763144,1.5230006367955384,1.0
train,1103,324,bridge_data_v2-train.tfrecord-00011-of-01024::34,44,0.18334512954701265,0.9553358556327451,1.0
train,1103,325,bridge_data_v2-train.tfrecord-00011-of-01024::34,48,0.23484731968090067,0.9722232614351725,1.0
train,1103,326,bridge_data_v2-train.tfrecord-00011-of-01024::34,52,0.2367922862158327,1.4268130963935417,1.0
train,1103,327,bridge_data_v2-train.tfrecord-00011-of-01024::34,56,0.5191443787543488,1.1644871295401482,1.0
train,1103,328,bridge_data_v2-train.tfrecord-00011-of-01024::34,60,0.20960716914526728,0.9857362045585082,1.0
train,1103,329,bridge_data_v2-train.tfrecord-00011-of-01024::34,64,0.1558313361280198,1.3042177425778378,1.0
train,1103,330,bridge_data_v2-train.tfrecord-00011-of-01024::34,68,0.2183356903070715,1.503421089415174,1.0
train,1103,331,bridge_data_v2-train.tfrecord-00011-of-01024::34,72,0.19615011047227318,1.2299506450893176,1.0
train,1103,332,bridge_data_v2-train.tfrecord-00011-of-01024::34,76,0.33401242715804264,1.3028544233751158,1.0
train,1103,333,bridge_data_v2-train.tfrecord-00011-of-01024::41,0,0.1312048727600005,0.8682335888283239,1.0
train,1103,334,bridge_data_v2-train.tfrecord-00011-of-01024::41,4,0.1671869513017092,1.0335078936451851,1.0
train,1103,335,bridge_data_v2-train.tfrecord-00011-of-01024::41,8,0.22384697195840578,1.0201953056549895,1.0
train,1103,336,bridge_data_v2-train.tfrecord-00011-of-01024::41,12,0.18057852599587731,0.7597279637959158,1.0
train,1103,337,bridge_data_v2-train.tfrecord-00011-of-01024::41,16,0.18785994248023,0.7211827553806104,1.0
train,1103,338,bridge_data_v2-train.tfrecord-00011-of-01024::41,20,0.2617002162826738,0.8671242494280724,1.0
train,1103,339,bridge_data_v2-train.tfrecord-00011-of-01024::41,24,0.3644421411066261,0.9806306223894734,1.0
train,1103,340,bridge_data_v2-train.tfrecord-00011-of-01024::41,28,0.19229033610416973,0.5849378021724956,1.0
train,1103,341,bridge_data_v2-train.tfrecord-00011-of-01024::41,32,0.2031832186705234,1.0888903053278813,1.0
train,1103,342,bridge_data_v2-train.tfrecord-00011-of-01024::41,36,0.2189417284405028,1.3664009319576191,1.0
train,1103,343,bridge_data_v2-train.tfrecord-00011-of-01024::41,40,0.1786208088837951,0.8156916623011373,1.0
train,1103,344,bridge_data_v2-train.tfrecord-00011-of-01024::41,44,0.25606362491845736,0.8688977832204445,1.0
train,1103,345,bridge_data_v2-train.tfrecord-00011-of-01024::41,48,0.20842389496958824,0.9508927678447568,1.0
train,1103,346,bridge_data_v2-train.tfrecord-00011-of-01024::41,52,0.21189413804483007,0.9528285077573142,1.0
train,1103,347,bridge_data_v2-train.tfrecord-00011-of-01024::41,56,0.20671542329975712,0.9898850195422007,1.0
train,1103,348,bridge_data_v2-train.tfrecord-00011-of-01024::41,60,0.11475031683996785,0.8047962964772508,1.0
train,1103,349,bridge_data_v2-train.tfrecord-00011-of-01024::41,64,0.25802944400468586,1.1201380123154827,1.0
train,1103,350,bridge_data_v2-train.tfrecord-00012-of-01024::40,0,0.12011694270434481,0.7406596966667924,1.0
train,1103,351,bridge_data_v2-train.tfrecord-00012-of-01024::40,4,0.1107757516250579,0.9577032351481051,1.0
train,1103,352,bridge_data_v2-train.tfrecord-00012-of-01024::40,8,0.08912360654998895,0.9773020614669395,1.0
train,1103,353,bridge_data_v2-train.tfrecord-00012-of-01024::40,12,0.0827028528790882,0.9216631867073669,1.0
train,1103,354,bridge_data_v2-train.tfrecord-00012-of-01024::40,16,0.09651018484626808,0.973223341413197,1.0
train,1103,355,bridge_data_v2-train.tfrecord-00012-of-01024::40,20,0.09860037494655596,1.2712105913960376,1.0
train,1103,356,bridge_data_v2-train.tfrecord-00012-of-01024::40,24,0.10880663954056036,1.1757467124645609,1.0
train,1103,357,bridge_data_v2-train.tfrecord-00012-of-01024::40,28,0.1266639695202444,1.3473924338399073,1.0
train,1103,358,bridge_data_v2-train.tfrecord-00012-of-01024::40,32,0.09807526451072883,0.97954172386499,1.0
train,1103,359,bridge_data_v2-train.tfrecord-00012-of-01024::40,36,0.12990288924820548,1.122903338340005,1.0
train,1103,360,bridge_data_v2-train.tfrecord-00012-of-01024::40,40,0.15045537165963815,0.7856974670566803,1.0
train,1103,361,bridge_data_v2-train.tfrecord-00012-of-01024::40,44,0.19062807485295002,1.04560464772653,1.0
train,1103,362,bridge_data_v2-train.tfrecord-00012-of-01024::40,48,0.22150164331320868,1.1986709857659088,1.0
train,1103,363,bridge_data_v2-train.tfrecord-00012-of-01024::40,52,0.1502490114110294,0.9653911855655375,1.0
train,1103,376,bridge_data_v2-train.tfrecord-00013-of-01024::50,0,0.2535721592448413,0.753235486143334,1.0
train,1103,377,bridge_data_v2-train.tfrecord-00013-of-01024::50,4,0.175020498624744,0.8778074504330092,1.0
train,1103,378,bridge_data_v2-train.tfrecord-00013-of-01024::50,8,0.14413715003174943,0.9043583232620473,1.0
train,1103,379,bridge_data_v2-train.tfrecord-00013-of-01024::50,12,0.14249745616232928,1.1968584427093156,1.0
train,1103,380,bridge_data_v2-train.tfrecord-00013-of-01024::50,16,0.14118010953925003,0.8866026169140291,1.0
train,1103,381,bridge_data_v2-train.tfrecord-00013-of-01024::50,20,0.1484558822413591,0.7714773836674725,1.0
train,1103,382,bridge_data_v2-train.tfrecord-00013-of-01024::50,24,0.19445740853017002,0.8031599639411503,1.0
train,1103,383,bridge_data_v2-train.tfrecord-00013-of-01024::50,28,0.1935827852078556,1.0085624150013288,1.0
train,1103,384,bridge_data_v2-train.tfrecord-00013-of-01024::50,32,0.1937586834877874,0.7410969885197964,1.0
train,1103,385,bridge_data_v2-train.tfrecord-00014-of-01024::45,0,0.13386116277563884,0.8286013415425162,1.0
train,1103,386,bridge_data_v2-train.tfrecord-00014-of-01024::45,4,0.22838209272956267,0.7218059531600929,1.0
train,1103,387,bridge_data_v2-train.tfrecord-00014-of-01024::45,8,0.272695782742879,0.7749055973121275,1.0
train,1103,388,bridge_data_v2-train.tfrecord-00014-of-01024::45,12,0.22788750835064517,0.8514079026035485,1.0
train,1103,389,bridge_data_v2-train.tfrecord-00014-of-01024::45,16,0.25260701042395695,1.016329261595191,1.0
train,1103,390,bridge_data_v2-train.tfrecord-00014-of-01024::45,20,0.3848136997507551,1.3130665760372915,1.0
train,1103,391,bridge_data_v2-train.tfrecord-00014-of-01024::45,24,0.2369864573731363,0.7500460853082507,1.0
train,1103,392,bridge_data_v2-train.tfrecord-00014-of-01024::45,28,0.18287705695288847,0.8649391708659853,1.0
train,1103,393,bridge_data_v2-train.tfrecord-00014-of-01024::45,32,0.24140875244785226,1.2757370788560105,1.0
train,1103,394,bridge_data_v2-train.tfrecord-00014-of-01024::45,36,0.4389293254813819,1.1676846910223402,1.0
train,1103,395,bridge_data_v2-train.tfrecord-00014-of-01024::45,40,0.2532759827030293,0.8682471039459083,1.0
train,1103,396,bridge_data_v2-train.tfrecord-00014-of-01024::45,44,0.2542267150946627,0.7420735104273217,1.0
train,1103,397,bridge_data_v2-train.tfrecord-00014-of-01024::45,48,0.2882617295136059,0.6941464476214163,1.0
train,1103,398,bridge_data_v2-train.tfrecord-00014-of-01024::45,52,0.2581215123385662,0.6789032960289276,1.0
train,1103,399,bridge_data_v2-train.tfrecord-00014-of-01024::45,56,0.29099521368218667,1.06956923522513,1.0
train,1103,400,bridge_data_v2-train.tfrecord-00014-of-01024::45,60,0.1930797353252499,1.0685022627755647,1.0
train,1103,401,bridge_data_v2-train.tfrecord-00014-of-01024::45,64,0.2604031007982736,1.6223573034481076,1.0
train,1103,402,bridge_data_v2-train.tfrecord-00014-of-01024::45,68,0.20274467999715867,1.1289367799646168,1.0
train,1103,403,bridge_data_v2-train.tfrecord-00014-of-01024::45,72,0.20137693997882217,1.1417766138236107,1.0
train,1103,404,bridge_data_v2-train.tfrecord-00014-of-01024::45,76,0.18769440109398303,1.1664749312777973,1.0
train,1103,405,bridge_data_v2-train.tfrecord-00014-of-01024::45,80,0.2061991996339794,1.084576827806137,1.0
validation,1101,63,bridge_data_v2-train.tfrecord-00003-of-01024::14,0,5.6775261929689655,8.198086994580512,0.25
validation,1101,64,bridge_data_v2-train.tfrecord-00003-of-01024::14,4,7.082235068711798,5.9889556520094755,0.375
validation,1101,65,bridge_data_v2-train.tfrecord-00003-of-01024::14,8,8.260219070340732,9.380497876570129,0.625
validation,1101,66,bridge_data_v2-train.tfrecord-00003-of-01024::14,12,5.8536589264451155,15.02637492877346,0.875
validation,1101,67,bridge_data_v2-train.tfrecord-00003-of-01024::14,16,5.66506954947663,7.703065001800015,0.875
validation,1101,68,bridge_data_v2-train.tfrecord-00003-of-01024::14,20,7.212773763143167,9.878922042458713,1.0
validation,1101,69,bridge_data_v2-train.tfrecord-00003-of-01024::14,24,13.549270981249325,12.47270580222465,1.0
validation,1101,70,bridge_data_v2-train.tfrecord-00003-of-01024::14,28,13.075338402139726,10.235798477681525,1.0
validation,1101,71,bridge_data_v2-train.tfrecord-00003-of-01024::14,32,12.207453461759417,14.772817105900495,1.0
validation,1101,72,bridge_data_v2-train.tfrecord-00003-of-01024::14,36,15.836324805440233,14.470045254664885,1.0
validation,1101,73,bridge_data_v2-train.tfrecord-00003-of-01024::14,40,6.074759762535786,15.994142639770274,1.0
validation,1101,74,bridge_data_v2-train.tfrecord-00003-of-01024::14,44,14.230011976288775,18.23757174341199,1.0
validation,1101,75,bridge_data_v2-train.tfrecord-00003-of-01024::14,48,21.99771077345862,22.971931537655188,1.0
validation,1101,76,bridge_data_v2-train.tfrecord-00003-of-01024::14,52,10.378024566763974,8.716284172476566,1.0
validation,1101,77,bridge_data_v2-train.tfrecord-00003-of-01024::14,56,15.626303257325455,17.116182556630473,1.0
validation,1101,78,bridge_data_v2-train.tfrecord-00003-of-01024::14,60,5.612695618303432,20.9955663351881,1.0
validation,1101,79,bridge_data_v2-train.tfrecord-00003-of-01024::14,64,15.516291701970768,31.65688854089408,1.0
validation,1101,80,bridge_data_v2-train.tfrecord-00003-of-01024::14,68,19.042806186919666,35.19543033866726,1.0
validation,1101,81,bridge_data_v2-train.tfrecord-00003-of-01024::14,72,15.157156054067963,25.710634812247754,1.0
validation,1101,82,bridge_data_v2-train.tfrecord-00003-of-01024::14,76,10.292003064804877,11.476738564099254,1.0
validation,1101,83,bridge_data_v2-train.tfrecord-00003-of-01024::14,80,3.396236355133107,22.934553652593596,1.0
validation,1101,406,bridge_data_v2-train.tfrecord-00015-of-01024::31,0,8.679548407295691,16.02288375392927,0.8125
validation,1101,407,bridge_data_v2-train.tfrecord-00015-of-01024::31,4,5.66873242169215,10.363918062517204,0.5625
validation,1101,408,bridge_data_v2-train.tfrecord-00015-of-01024::31,8,4.1005280815379095,7.284480113337942,0.6875
validation,1101,409,bridge_data_v2-train.tfrecord-00015-of-01024::31,12,13.027011674289582,15.221149811384684,0.25
validation,1101,410,bridge_data_v2-train.tfrecord-00015-of-01024::31,16,19.219913383570756,15.579824177809481,0.5625
validation,1101,411,bridge_data_v2-train.tfrecord-00015-of-01024::31,20,11.181158453929697,12.546729921333007,0.75
validation,1101,412,bridge_data_v2-train.tfrecord-00015-of-01024::31,24,11.463672354431473,16.488245447363063,1.0
validation,1101,413,bridge_data_v2-train.tfrecord-00015-of-01024::31,28,13.626066631965905,19.71813245323588,1.0
validation,1101,414,bridge_data_v2-train.tfrecord-00015-of-01024::31,32,6.0697473224027725,19.323619535434535,1.0
validation,1101,415,bridge_data_v2-train.tfrecord-00015-of-01024::31,36,11.103708032937991,14.453288423908885,1.0
validation,1101,416,bridge_data_v2-train.tfrecord-00015-of-01024::31,40,14.205363659540133,9.121489348145115,1.0
validation,1101,417,bridge_data_v2-train.tfrecord-00015-of-01024::31,44,20.870920379623715,9.92660719383422,1.0
validation,1101,418,bridge_data_v2-train.tfrecord-00015-of-01024::31,48,28.139616928102182,15.106452902578663,1.0
validation,1101,419,bridge_data_v2-train.tfrecord-00015-of-01024::31,52,17.079293347592937,18.73802045770418,1.0
validation,1101,420,bridge_data_v2-train.tfrecord-00015-of-01024::31,56,11.62490941161378,16.930232276908306,1.0
validation,1101,421,bridge_data_v2-train.tfrecord-00015-of-01024::31,60,9.39182615571925,15.203974611378499,0.875
validation,1101,422,bridge_data_v2-train.tfrecord-00019-of-01024::5,0,5.475834840354075,12.835795662622042,0.625
validation,1101,423,bridge_data_v2-train.tfrecord-00019-of-01024::5,4,3.3618642353212413,10.792689504740185,0.875
validation,1101,424,bridge_data_v2-train.tfrecord-00019-of-01024::5,8,7.316968816668565,17.83998354276165,1.0
validation,1101,425,bridge_data_v2-train.tfrecord-00019-of-01024::5,12,6.529791915259144,12.461451437208781,1.0
validation,1101,426,bridge_data_v2-train.tfrecord-00019-of-01024::5,16,5.917167845091081,9.534419506199756,1.0
validation,1101,427,bridge_data_v2-train.tfrecord-00019-of-01024::5,20,7.336520892263785,10.533602480497072,1.0
validation,1101,428,bridge_data_v2-train.tfrecord-00019-of-01024::5,24,9.253701213963033,24.344342260579815,1.0
validation,1101,429,bridge_data_v2-train.tfrecord-00019-of-01024::5,28,16.76890527193936,23.000612762296498,1.0
validation,1101,430,bridge_data_v2-train.tfrecord-00019-of-01024::5,32,10.971347438981502,57.039903459313564,1.0
validation,1101,431,bridge_data_v2-train.tfrecord-00019-of-01024::5,36,8.97509989705487,39.31637222855863,1.0
validation,1101,432,bridge_data_v2-train.tfrecord-00019-of-01024::5,40,8.68786876566284,19.191485955763188,1.0
validation,1101,433,bridge_data_v2-train.tfrecord-00019-of-01024::5,44,12.261939958909693,31.25018631250905,1.0
validation,1101,434,bridge_data_v2-train.tfrecord-00019-of-01024::5,48,5.934153170282253,24.18692918951382,1.0
validation,1101,435,bridge_data_v2-train.tfrecord-00019-of-01024::5,52,6.72750121831278,14.168828337059464,1.0
validation,1101,436,bridge_data_v2-train.tfrecord-00019-of-01024::5,56,4.354956655581034,8.656364282198226,1.0
validation,1101,437,bridge_data_v2-train.tfrecord-00019-of-01024::5,60,4.81276346678906,17.690905404746637,1.0
validation,1101,438,bridge_data_v2-train.tfrecord-00019-of-01024::5,64,7.232737186990459,28.671181491586808,1.0
validation,1101,439,bridge_data_v2-train.tfrecord-00019-of-01024::5,68,3.349709954220385,5.946147184884602,0.9375
validation,1102,63,bridge_data_v2-train.tfrecord-00003-of-01024::14,0,5.678223112137095,8.19528243537939,0.25
validation,1102,64,bridge_data_v2-train.tfrecord-00003-of-01024::14,4,7.082895453421655,5.989049783555785,0.375
validation,1102,65,bridge_data_v2-train.tfrecord-00003-of-01024::14,8,8.26071507345198,9.381269367906546,0.625
validation,1102,66,bridge_data_v2-train.tfrecord-00003-of-01024::14,12,5.853208283872815,15.027034763863421,0.875
validation,1102,67,bridge_data_v2-train.tfrecord-00003-of-01024::14,16,5.666014733280331,7.703053382390581,0.875
validation,1102,68,bridge_data_v2-train.tfrecord-00003-of-01024::14,20,7.2127170712499495,9.884487807400948,1.0
validation,1102,69,bridge_data_v2-train.tfrecord-00003-of-01024::14,24,13.549379518821006,12.470697440496682,1.0
validation,1102,70,bridge_data_v2-train.tfrecord-00003-of-01024::14,28,13.076658156403154,10.235663809848027,1.0
validation,1102,71,bridge_data_v2-train.tfrecord-00003-of-01024::14,32,12.20684741721184,14.775268847555711,1.0
validation,1102,72,bridge_data_v2-train.tfrecord-00003-of-01024::14,36,15.83731111750116,14.467696218592335,1.0
validation,1102,73,bridge_data_v2-train.tfrecord-00003-of-01024::14,40,6.074324288357365,15.994154717698699,1.0
validation,1102,74,bridge_data_v2-train.tfrecord-00003-of-01024::14,44,14.229888091465396,18.249725258224743,1.0
validation,1102,75,bridge_data_v2-train.tfrecord-00003-of-01024::14,48,21.99796312806926,22.972047088962242,1.0
validation,1102,76,bridge_data_v2-train.tfrecord-00003-of-01024::14,52,10.3770585443272,8.713937027344471,1.0
validation,1102,77,bridge_data_v2-train.tfrecord-00003-of-01024::14,56,15.625526103178881,17.110616741347336,1.0
validation,1102,78,bridge_data_v2-train.tfrecord-00003-of-01024::14,60,5.61283082640282,20.99662772305792,1.0
validation,1102,79,bridge_data_v2-train.tfrecord-00003-of-01024::14,64,15.516499785426728,31.66115172234186,1.0
validation,1102,80,bridge_data_v2-train.tfrecord-00003-of-01024::14,68,19.042548622263055,35.19944318111348,1.0
validation,1102,81,bridge_data_v2-train.tfrecord-00003-of-01024::14,72,15.156700919004464,25.704926195357054,1.0
validation,1102,82,bridge_data_v2-train.tfrecord-00003-of-01024::14,76,10.291979159456915,11.478797256126885,1.0
validation,1102,83,bridge_data_v2-train.tfrecord-00003-of-01024::14,80,3.3963705355347407,22.932037273729627,1.0
validation,1102,406,bridge_data_v2-train.tfrecord-00015-of-01024::31,0,8.679332568375038,16.0309117066556,0.8125
validation,1102,407,bridge_data_v2-train.tfrecord-00015-of-01024::31,4,5.669200931626742,10.364693198022858,0.5625
validation,1102,408,bridge_data_v2-train.tfrecord-00015-of-01024::31,8,4.100400070784373,7.282289037502042,0.6875
validation,1102,409,bridge_data_v2-train.tfrecord-00015-of-01024::31,12,13.026896940469898,15.219676291949355,0.25
validation,1102,410,bridge_data_v2-train.tfrecord-00015-of-01024::31,16,19.219676603186638,15.58491920226069,0.5625
validation,1102,411,bridge_data_v2-train.tfrecord-00015-of-01024::31,20,11.180430950447775,12.54234204052931,0.75
validation,1102,412,bridge_data_v2-train.tfrecord-00015-of-01024::31,24,11.464149854149046,16.487468928381656,1.0
validation,1102,413,bridge_data_v2-train.tfrecord-00015-of-01024::31,28,13.62635105083689,19.71444693493364,1.0
validation,1102,414,bridge_data_v2-train.tfrecord-00015-of-01024::31,32,6.069825185655382,19.331062152700238,1.0
validation,1102,415,bridge_data_v2-train.tfrecord-00015-of-01024::31,36,11.103060392737795,14.445384817461616,1.0
validation,1102,416,bridge_data_v2-train.tfrecord-00015-of-01024::31,40,14.204945897889244,9.121605113278417,1.0
validation,1102,417,bridge_data_v2-train.tfrecord-00015-of-01024::31,44,20.870877089351296,9.927402498374803,1.0
validation,1102,418,bridge_data_v2-train.tfrecord-00015-of-01024::31,48,28.14016373746667,15.109906157488059,1.0
validation,1102,419,bridge_data_v2-train.tfrecord-00015-of-01024::31,52,17.078341137279857,18.734763040951474,1.0
validation,1102,420,bridge_data_v2-train.tfrecord-00015-of-01024::31,56,11.625504847237556,16.930156008160324,1.0
validation,1102,421,bridge_data_v2-train.tfrecord-00015-of-01024::31,60,9.391975021936362,15.206204552029092,0.875
validation,1102,422,bridge_data_v2-train.tfrecord-00019-of-01024::5,0,5.476187888075996,12.832303881538532,0.625
validation,1102,423,bridge_data_v2-train.tfrecord-00019-of-01024::5,4,3.3625135812754143,10.793481985515953,0.875
validation,1102,424,bridge_data_v2-train.tfrecord-00019-of-01024::5,8,7.318158819623855,17.837716364573012,1.0
validation,1102,425,bridge_data_v2-train.tfrecord-00019-of-01024::5,12,6.529934936473668,12.462937169693639,1.0
validation,1102,426,bridge_data_v2-train.tfrecord-00019-of-01024::5,16,5.9171836706369625,9.53501376286226,1.0
validation,1102,427,bridge_data_v2-train.tfrecord-00019-of-01024::5,20,7.336338291765962,10.53652917732309,1.0
validation,1102,428,bridge_data_v2-train.tfrecord-00019-of-01024::5,24,9.254234663145288,24.347313155114833,1.0
validation,1102,429,bridge_data_v2-train.tfrecord-00019-of-01024::5,28,16.768211895987427,23.005116341719727,1.0
validation,1102,430,bridge_data_v2-train.tfrecord-00019-of-01024::5,32,10.971180187043625,57.03927697847099,1.0
validation,1102,431,bridge_data_v2-train.tfrecord-00019-of-01024::5,36,8.975021376084415,39.31350736765984,1.0
validation,1102,432,bridge_data_v2-train.tfrecord-00019-of-01024::5,40,8.688435270152185,19.193549519579904,1.0
validation,1102,433,bridge_data_v2-train.tfrecord-00019-of-01024::5,44,12.261731021411466,31.249507899914658,1.0
validation,1102,434,bridge_data_v2-train.tfrecord-00019-of-01024::5,48,5.933099572815841,24.186362041113938,1.0
validation,1102,435,bridge_data_v2-train.tfrecord-00019-of-01024::5,52,6.727772029237396,14.164826313494746,1.0
validation,1102,436,bridge_data_v2-train.tfrecord-00019-of-01024::5,56,4.355426962903731,8.654288826391506,1.0
validation,1102,437,bridge_data_v2-train.tfrecord-00019-of-01024::5,60,4.812706216445778,17.693061484230775,1.0
validation,1102,438,bridge_data_v2-train.tfrecord-00019-of-01024::5,64,7.233460912135908,28.67976144005887,1.0
validation,1102,439,bridge_data_v2-train.tfrecord-00019-of-01024::5,68,3.3500638687306594,5.9437015836069875,0.9375
validation,1103,63,bridge_data_v2-train.tfrecord-00003-of-01024::14,0,5.677961109205244,8.193740727389896,0.25
validation,1103,64,bridge_data_v2-train.tfrecord-00003-of-01024::14,4,7.082220014086726,5.987022271586797,0.375
validation,1103,65,bridge_data_v2-train.tfrecord-00003-of-01024::14,8,8.260456727861012,9.379158030780065,0.625
validation,1103,66,bridge_data_v2-train.tfrecord-00003-of-01024::14,12,5.853746239052554,15.024534127030224,0.875
validation,1103,67,bridge_data_v2-train.tfrecord-00003-of-01024::14,16,5.666051896041593,7.698202475292983,0.875
validation,1103,68,bridge_data_v2-train.tfrecord-00003-of-01024::14,20,7.212847452638326,9.887462013573032,1.0
validation,1103,69,bridge_data_v2-train.tfrecord-00003-of-01024::14,24,13.549454747738885,12.473587042783223,1.0
validation,1103,70,bridge_data_v2-train.tfrecord-00003-of-01024::14,28,13.07497671804,10.234461412278042,1.0
validation,1103,71,bridge_data_v2-train.tfrecord-00003-of-01024::14,32,12.206728775540885,14.774566973365117,1.0
validation,1103,72,bridge_data_v2-train.tfrecord-00003-of-01024::14,36,15.837449011502173,14.471123357078682,1.0
validation,1103,73,bridge_data_v2-train.tfrecord-00003-of-01024::14,40,6.075587854075904,15.991507558134249,1.0
validation,1103,74,bridge_data_v2-train.tfrecord-00003-of-01024::14,44,14.230387048944037,18.2368271117221,1.0
validation,1103,75,bridge_data_v2-train.tfrecord-00003-of-01024::14,48,21.998414165374204,22.973070042109306,1.0
validation,1103,76,bridge_data_v2-train.tfrecord-00003-of-01024::14,52,10.376872327184085,8.717308170249083,1.0
validation,1103,77,bridge_data_v2-train.tfrecord-00003-of-01024::14,56,15.626248425379035,17.11524663849952,1.0
validation,1103,78,bridge_data_v2-train.tfrecord-00003-of-01024::14,60,5.613191506670077,20.988742159021136,1.0
validation,1103,79,bridge_data_v2-train.tfrecord-00003-of-01024::14,64,15.5164409060185,31.658355691023047,1.0
validation,1103,80,bridge_data_v2-train.tfrecord-00003-of-01024::14,68,19.041754888980748,35.19497699629593,1.0
validation,1103,81,bridge_data_v2-train.tfrecord-00003-of-01024::14,72,15.156959555022326,25.714267173389878,1.0
validation,1103,82,bridge_data_v2-train.tfrecord-00003-of-01024::14,76,10.291811003586815,11.474874147102401,1.0
validation,1103,83,bridge_data_v2-train.tfrecord-00003-of-01024::14,80,3.3960926153200357,22.92757653543434,1.0
validation,1103,406,bridge_data_v2-train.tfrecord-00015-of-01024::31,0,8.679345924378147,16.02659962578843,0.8125
validation,1103,407,bridge_data_v2-train.tfrecord-00015-of-01024::31,4,5.667868680874295,10.363078412616954,0.5625
validation,1103,408,bridge_data_v2-train.tfrecord-00015-of-01024::31,8,4.100049280586097,7.279589331316447,0.6875
validation,1103,409,bridge_data_v2-train.tfrecord-00015-of-01024::31,12,13.027485639138845,15.223137366673509,0.25
validation,1103,410,bridge_data_v2-train.tfrecord-00015-of-01024::31,16,19.219386306510838,15.579612247653746,0.5625
validation,1103,411,bridge_data_v2-train.tfrecord-00015-of-01024::31,20,11.180983941785225,12.5466586927901,0.75
validation,1103,412,bridge_data_v2-train.tfrecord-00015-of-01024::31,24,11.463542011036662,16.487264044789438,1.0
validation,1103,413,bridge_data_v2-train.tfrecord-00015-of-01024::31,28,13.626119932215861,19.719486196384114,1.0
validation,1103,414,bridge_data_v2-train.tfrecord-00015-of-01024::31,32,6.069650809667208,19.329491582104044,1.0
validation,1103,415,bridge_data_v2-train.tfrecord-00015-of-01024::31,36,11.104162654326498,14.449198996874914,1.0
validation,1103,416,bridge_data_v2-train.tfrecord-00015-of-01024::31,40,14.20470842782972,9.110906854762986,1.0
validation,1103,417,bridge_data_v2-train.tfrecord-00015-of-01024::31,44,20.87109834520382,9.927373649208805,1.0
validation,1103,418,bridge_data_v2-train.tfrecord-00015-of-01024::31,48,28.14070657469658,15.108547445412466,1.0
validation,1103,419,bridge_data_v2-train.tfrecord-00015-of-01024::31,52,17.079651947438443,18.73762663854806,1.0
validation,1103,420,bridge_data_v2-train.tfrecord-00015-of-01024::31,56,11.625635081933966,16.929787620096427,1.0
validation,1103,421,bridge_data_v2-train.tfrecord-00015-of-01024::31,60,9.391894401210148,15.203194933157832,0.875
validation,1103,422,bridge_data_v2-train.tfrecord-00019-of-01024::5,0,5.476115295924939,12.831841858276537,0.625
validation,1103,423,bridge_data_v2-train.tfrecord-00019-of-01024::5,4,3.361797302760979,10.789843088788826,0.875
validation,1103,424,bridge_data_v2-train.tfrecord-00019-of-01024::5,8,7.317781045877027,17.838471944177144,1.0
validation,1103,425,bridge_data_v2-train.tfrecord-00019-of-01024::5,12,6.529962934621038,12.462544215090869,1.0
validation,1103,426,bridge_data_v2-train.tfrecord-00019-of-01024::5,16,5.916394844165451,9.536862581768085,1.0
validation,1103,427,bridge_data_v2-train.tfrecord-00019-of-01024::5,20,7.336713393285303,10.528630350191902,1.0
validation,1103,428,bridge_data_v2-train.tfrecord-00019-of-01024::5,24,9.254073893440541,24.346180873327903,1.0
validation,1103,429,bridge_data_v2-train.tfrecord-00019-of-01024::5,28,16.76880702328332,23.004361241954808,1.0
validation,1103,430,bridge_data_v2-train.tfrecord-00019-of-01024::5,32,10.970868706287717,57.03919316230025,1.0
validation,1103,431,bridge_data_v2-train.tfrecord-00019-of-01024::5,36,8.975588193433904,39.31337991977718,1.0
validation,1103,432,bridge_data_v2-train.tfrecord-00019-of-01024::5,40,8.688192611170683,19.190496517025128,1.0
validation,1103,433,bridge_data_v2-train.tfrecord-00019-of-01024::5,44,12.26197832931442,31.247972399756897,1.0
validation,1103,434,bridge_data_v2-train.tfrecord-00019-of-01024::5,48,5.933682922547753,24.190432617407794,1.0
validation,1103,435,bridge_data_v2-train.tfrecord-00019-of-01024::5,52,6.72767427972861,14.169359603671907,1.0
validation,1103,436,bridge_data_v2-train.tfrecord-00019-of-01024::5,56,4.355678878566962,8.65645253562597,1.0
validation,1103,437,bridge_data_v2-train.tfrecord-00019-of-01024::5,60,4.812613573367891,17.692007912081273,1.0
validation,1103,438,bridge_data_v2-train.tfrecord-00019-of-01024::5,64,7.233145283198693,28.67917444347308,1.0
validation,1103,439,bridge_data_v2-train.tfrecord-00019-of-01024::5,68,3.34915134610878,5.941565582748995,0.9375
